document,actual,guns,electronics,hockey,electronics 2,apple hardware,for sale
0,guns,47.76,7.2,12.47,13.43,8.52,10.62
1,guns,66.68,10.39,1.39,4.07,1.82,15.64
2,for sale,24.16,19.79,6.68,11.31,7.71,30.33
3,guns,26.74,12.3,14.97,10.16,13.9,21.93
4,apple hardware,18.25,15.08,12.7,10.32,23.02,20.63
5,guns,47.81,23.25,5.04,4.17,3.07,16.67
6,for sale,23.3,16.5,11.65,10.68,12.62,25.24
7,guns,40.46,11.56,9.83,10.98,6.36,20.81
8,guns,54.48,13.06,4.85,5.97,4.85,16.79
9,for sale,20.22,15.73,11.24,10.11,15.73,26.97
10,for sale,27.03,12.61,9.91,9.91,12.61,27.93
11,for sale,19.63,20.56,13.08,11.21,10.28,25.23
12,for sale,28.57,9.74,7.79,7.14,10.39,36.36
13,guns,43.08,20.95,4.35,4.74,7.11,19.76
14,guns,46.27,11.19,5.22,6.34,4.85,26.12
15,guns,54.59,11.89,5.41,5.41,8.65,14.05
16,guns,42.11,9.02,8.27,7.52,11.28,21.8
17,guns,39.55,10.17,7.91,7.91,9.04,25.42
18,guns,43.1,11.64,6.9,7.76,7.33,23.28
19,electronics,23.81,33.33,7.74,9.52,6.55,19.05
20,electronics,13.98,24.73,23.66,13.98,9.68,13.98
21,guns,26.76,14.79,11.27,13.38,9.86,23.94
22,guns,58.24,15.35,3.02,2.14,2.14,19.12
23,for sale,24.55,13.64,9.09,10.0,11.82,30.91
24,hockey,16.97,13.94,18.79,13.33,18.18,18.79
25,hockey,19.23,15.38,20.19,12.5,19.23,13.46
26,guns,34.91,11.32,13.21,7.55,13.21,19.81
27,guns,33.11,15.54,6.76,5.41,8.78,30.41
28,guns,28.21,13.33,8.21,9.23,17.44,23.59
29,guns,25.29,11.49,10.34,10.34,19.54,22.99
30,guns,31.82,12.73,7.27,11.82,11.82,24.55
31,guns,45.62,4.89,8.96,17.52,8.76,14.26
32,guns,38.78,19.05,9.52,10.88,11.56,10.2
33,guns,58.55,9.87,2.19,5.7,6.14,17.54
34,guns,32.16,14.04,14.04,5.85,15.79,18.13
35,for sale,20.99,15.47,12.15,5.52,18.78,27.07
36,guns,55.34,15.17,5.34,3.42,4.91,15.81
37,guns,42.0,14.0,8.0,9.5,15.5,11.0
38,hockey,14.43,20.62,24.74,9.28,15.46,15.46
39,guns,25.41,14.36,9.94,11.6,17.13,21.55
40,guns,30.61,12.24,8.84,10.2,13.61,24.49
41,guns,41.57,8.99,6.74,7.3,12.36,23.03
42,guns,53.25,14.29,4.87,3.9,4.87,18.83
43,guns,29.33,11.33,13.33,9.33,16.67,20.0
44,guns,41.77,21.1,7.59,8.44,9.7,11.39
45,guns,38.21,28.07,5.66,5.42,3.77,18.87
46,electronics,14.81,32.72,16.05,6.79,11.73,17.9
47,for sale,15.38,16.15,13.08,6.92,20.77,27.69
48,guns,28.83,15.32,13.51,9.91,11.71,20.72
49,guns,47.06,10.78,8.5,5.56,11.11,16.99
50,electronics,9.68,30.11,9.68,18.28,16.13,16.13
51,apple hardware,11.21,9.48,10.34,22.41,31.03,15.52
52,for sale,8.74,13.59,9.71,9.71,22.33,35.92
53,apple hardware,11.61,11.61,11.61,16.07,31.25,17.86
54,for sale,7.09,7.8,14.18,26.95,14.18,29.79
55,apple hardware,10.96,12.33,19.18,15.07,28.77,13.7
56,apple hardware,9.68,15.05,12.9,18.28,30.11,13.98
57,for sale,25.0,12.84,10.81,8.11,16.22,27.03
58,apple hardware,9.15,15.03,10.46,16.99,28.76,19.61
59,electronics 2,5.21,9.86,7.12,53.7,15.89,8.22
60,apple hardware,18.92,11.71,18.92,10.81,24.32,15.32
61,hockey,9.8,12.75,28.43,16.67,14.71,17.65
62,apple hardware,8.91,16.83,8.91,15.84,35.64,13.86
63,apple hardware,9.41,9.41,16.47,16.47,34.12,14.12
64,apple hardware,17.72,19.62,6.33,12.66,31.01,12.66
65,apple hardware,6.69,5.95,15.24,24.91,31.97,15.24
66,apple hardware,9.55,18.59,19.1,16.08,21.61,15.08
67,apple hardware,8.21,13.43,14.18,22.39,26.87,14.93
68,electronics,11.25,25.0,10.0,15.0,20.0,18.75
69,electronics 2,6.99,13.29,24.48,28.67,13.99,12.59
70,apple hardware,8.65,12.5,12.5,13.46,37.5,15.38
71,electronics 2,11.9,14.29,17.86,20.24,20.24,15.48
72,electronics 2,10.84,7.23,12.65,30.72,11.45,27.11
73,for sale,18.38,15.44,11.03,18.38,17.65,19.12
74,electronics 2,8.79,14.29,13.19,26.37,25.27,12.09
75,apple hardware,17.11,13.16,13.16,10.53,23.68,22.37
76,for sale,13.48,21.35,12.36,10.11,19.1,23.6
77,electronics,7.97,27.54,8.7,18.12,18.84,18.84
78,for sale,20.21,20.21,9.04,6.91,18.09,25.53
79,electronics 2,8.74,13.59,13.59,33.98,17.48,12.62
80,electronics 2,10.48,9.68,11.29,44.35,12.9,11.29
81,electronics 2,16.67,17.5,14.17,18.33,15.0,18.33
82,apple hardware,8.14,21.51,9.3,19.19,25.0,16.86
83,apple hardware,16.54,18.9,12.6,16.54,22.83,12.6
84,electronics,7.27,29.09,10.3,13.94,20.61,18.79
85,apple hardware,11.65,11.65,10.68,15.53,25.24,25.24
86,apple hardware,13.1,14.29,13.1,16.67,30.95,11.9
87,apple hardware,10.26,11.54,15.38,17.95,32.05,12.82
88,electronics 2,5.56,6.25,8.33,43.06,28.47,8.33
89,apple hardware,10.39,14.94,15.58,16.23,23.38,19.48
90,electronics 2,6.43,5.71,8.57,42.14,29.29,7.86
91,for sale,8.9,12.33,11.64,14.38,26.03,26.71
92,apple hardware,18.56,7.19,9.58,11.98,27.54,25.15
93,apple hardware,10.34,11.49,12.64,12.64,33.33,19.54
94,apple hardware,10.0,16.0,12.0,14.0,34.0,14.0
95,for sale,9.8,22.22,10.46,15.03,17.65,24.84
96,electronics 2,6.49,5.84,9.74,40.91,28.57,8.44
97,apple hardware,10.87,21.01,7.25,13.04,24.64,23.19
98,electronics 2,13.26,10.98,9.09,23.86,19.32,23.48
99,apple hardware,10.81,16.67,10.36,11.71,31.98,18.47
100,hockey,7.83,11.3,28.7,11.3,20.87,20.0
101,apple hardware,13.33,10.37,15.56,16.3,24.44,20.0
102,apple hardware,10.09,11.93,8.26,11.93,38.53,19.27
103,apple hardware,14.21,7.65,14.21,24.04,32.79,7.1
104,electronics,9.0,24.0,15.0,19.0,16.0,17.0
105,electronics 2,8.64,12.35,9.26,27.78,25.31,16.67
106,electronics 2,13.16,15.79,8.77,25.44,24.56,12.28
107,apple hardware,13.27,14.29,11.22,17.35,24.49,19.39
108,electronics 2,10.0,8.18,8.18,35.45,17.27,20.91
109,apple hardware,9.38,10.42,14.58,20.83,27.08,17.71
110,electronics 2,12.58,8.18,16.35,30.19,18.24,14.47
111,electronics 2,7.02,21.05,13.16,23.68,21.93,13.16
112,for sale,13.08,15.19,7.17,16.03,18.14,30.38
113,electronics,13.79,22.99,10.34,20.69,19.54,12.64
114,apple hardware,12.07,9.48,20.69,12.93,31.9,12.93
115,apple hardware,7.31,6.54,7.31,33.46,34.62,10.77
116,apple hardware,15.87,12.7,18.25,12.7,32.54,7.94
117,apple hardware,14.77,12.62,8.31,24.62,29.23,10.46
118,for sale,12.68,11.97,7.75,17.61,15.49,34.51
119,for sale,11.86,5.08,6.21,19.21,20.34,37.29
120,apple hardware,18.39,13.79,13.79,11.49,25.29,17.24
121,for sale,9.85,20.69,10.34,8.87,22.17,28.08
122,apple hardware,8.73,7.94,19.84,20.63,31.75,11.11
123,apple hardware,7.89,10.53,16.67,11.4,37.72,15.79
124,for sale,16.08,12.59,7.69,14.69,23.78,25.17
125,apple hardware,8.11,21.62,10.81,15.32,27.03,17.12
126,hockey,10.46,12.42,24.18,20.92,20.92,11.11
127,electronics 2,12.0,12.0,14.67,21.33,20.0,20.0
128,electronics 2,9.49,13.87,9.49,35.04,16.79,15.33
129,hockey,10.2,10.88,28.57,12.24,24.49,13.61
130,electronics 2,9.39,10.8,7.51,38.5,23.94,9.86
131,apple hardware,8.12,13.75,21.88,22.5,24.38,9.38
132,apple hardware,8.05,9.2,19.54,21.84,24.14,17.24
133,for sale,12.5,11.31,8.33,17.86,16.07,33.93
134,apple hardware,5.59,20.5,9.94,16.77,28.57,18.63
135,apple hardware,12.58,16.98,10.69,19.5,25.16,15.09
136,electronics,15.31,18.37,18.37,15.82,13.78,18.37
137,apple hardware,14.88,16.53,9.09,10.74,30.58,18.18
138,apple hardware,12.37,12.37,18.56,18.56,23.71,14.43
139,apple hardware,10.14,13.77,9.42,14.49,40.58,11.59
140,apple hardware,18.87,14.15,15.09,15.09,22.64,14.15
141,apple hardware,13.08,10.28,19.63,16.82,26.17,14.02
142,apple hardware,8.72,10.74,14.77,12.75,40.27,12.75
143,for sale,14.44,16.67,12.22,12.22,17.78,26.67
144,apple hardware,9.68,18.28,9.68,20.43,32.26,9.68
145,apple hardware,9.17,10.83,8.33,24.17,33.33,14.17
146,electronics 2,7.89,12.28,17.54,25.44,15.79,21.05
147,apple hardware,6.33,15.82,9.49,21.52,27.85,18.99
148,electronics,9.3,27.91,15.12,12.79,17.44,17.44
149,hockey,16.67,13.33,20.0,20.0,14.44,15.56
150,hockey,16.69,14.33,44.01,3.54,5.4,16.02
151,hockey,9.55,14.09,50.0,5.91,9.09,11.36
152,hockey,9.04,12.99,43.5,7.91,11.86,14.69
153,hockey,7.41,10.37,49.63,6.67,14.07,11.85
154,hockey,11.58,17.89,29.47,8.42,16.84,15.79
155,hockey,13.18,14.55,43.18,7.27,10.45,11.36
156,hockey,13.21,15.09,24.53,10.38,19.81,16.98
157,hockey,13.04,17.39,24.64,13.04,18.84,13.04
158,hockey,8.26,8.72,55.05,5.05,9.63,13.3
159,hockey,13.88,13.4,44.02,11.0,6.22,11.48
160,hockey,1.1,1.1,93.84,1.1,1.78,1.1
161,hockey,1.98,1.76,87.89,2.86,3.74,1.76
162,hockey,6.52,7.25,55.07,5.8,15.22,10.14
163,hockey,11.67,18.33,32.5,14.17,12.5,10.83
164,hockey,7.62,7.17,57.85,9.42,7.17,10.76
165,hockey,10.19,11.46,42.04,6.37,10.19,19.75
166,hockey,14.71,18.24,33.53,9.41,14.71,9.41
167,hockey,13.93,12.02,47.27,3.83,7.65,15.3
168,hockey,10.81,12.61,30.63,9.01,22.52,14.41
169,hockey,12.37,15.72,51.17,4.68,5.69,10.37
170,hockey,13.99,9.33,45.08,8.81,13.47,9.33
171,hockey,5.92,3.62,71.38,4.28,8.22,6.58
172,hockey,9.71,7.77,47.57,11.65,13.59,9.71
173,electronics,7.66,26.32,24.4,11.48,12.44,17.7
174,hockey,11.5,10.18,53.98,7.52,7.08,9.73
175,hockey,14.17,13.36,34.01,12.55,14.98,10.93
176,hockey,11.11,15.28,30.56,13.89,15.28,13.89
177,hockey,2.99,3.99,75.42,2.99,5.98,8.64
178,hockey,10.88,7.48,48.98,8.16,11.56,12.93
179,electronics,15.22,28.37,24.22,5.19,11.76,15.22
180,hockey,11.26,8.61,50.99,6.62,9.93,12.58
181,hockey,12.78,17.29,41.35,9.77,8.27,10.53
182,hockey,9.7,14.93,45.52,6.72,7.46,15.67
183,hockey,8.54,4.88,56.71,8.54,10.98,10.37
184,apple hardware,21.57,11.76,19.61,7.84,24.18,15.03
185,hockey,13.1,6.21,51.72,8.28,7.59,13.1
186,hockey,11.97,20.51,36.75,10.26,11.11,9.4
187,hockey,14.44,16.67,24.44,12.22,16.67,15.56
188,hockey,11.54,19.23,39.74,7.05,11.54,10.9
189,hockey,16.08,8.63,49.8,3.92,12.55,9.02
190,hockey,10.09,10.09,42.2,9.17,11.93,16.51
191,hockey,7.94,13.49,27.78,12.7,13.49,24.6
192,hockey,12.12,9.6,41.92,7.07,14.65,14.65
193,hockey,13.22,12.33,44.05,4.41,8.37,17.62
194,hockey,11.43,13.33,41.9,8.57,12.38,12.38
195,hockey,16.67,8.33,44.44,5.56,14.58,10.42
196,hockey,9.57,13.3,38.3,9.04,11.17,18.62
197,hockey,8.33,11.54,44.23,8.33,8.97,18.59
198,hockey,7.61,17.93,47.28,6.52,9.78,10.87
199,hockey,10.95,9.49,50.36,6.57,10.95,11.68
200,hockey,11.62,11.62,36.36,7.58,14.14,18.69
201,hockey,9.45,14.17,39.37,6.3,9.45,21.26
202,hockey,12.07,9.77,47.7,9.2,8.62,12.64
203,hockey,8.7,11.96,41.85,6.52,7.07,23.91
204,hockey,12.36,15.73,30.34,10.11,19.1,12.36
205,hockey,14.01,10.42,48.86,3.58,9.12,14.01
206,hockey,12.04,9.72,45.37,7.41,12.96,12.5
207,hockey,14.98,13.22,32.6,10.13,16.3,12.78
208,hockey,7.48,11.56,49.66,7.48,12.24,11.56
209,hockey,14.55,18.64,37.73,8.18,10.91,10.0
210,hockey,10.04,12.85,46.18,7.23,8.03,15.66
211,hockey,7.63,18.07,51.0,5.22,8.84,9.24
212,hockey,14.34,10.39,49.46,6.45,8.6,10.75
213,hockey,9.62,11.72,54.39,6.28,5.44,12.55
214,hockey,10.77,7.09,70.75,2.45,2.98,5.95
215,hockey,10.81,11.58,55.98,3.47,6.18,11.97
216,hockey,7.05,9.54,58.09,4.98,9.54,10.79
217,hockey,6.31,3.47,70.98,4.42,7.26,7.57
218,hockey,10.97,11.81,45.15,10.13,8.02,13.92
219,hockey,2.63,1.91,81.82,5.74,5.26,2.63
220,apple hardware,17.01,13.61,21.09,11.56,22.45,14.29
221,hockey,13.41,9.5,49.72,4.19,12.01,11.17
222,electronics 2,13.48,15.73,13.48,23.6,16.85,16.85
223,hockey,15.44,8.35,49.11,6.58,7.34,13.16
224,hockey,10.77,14.62,35.38,7.69,11.54,20.0
225,hockey,8.7,9.57,43.48,10.43,11.3,16.52
226,hockey,10.37,8.89,45.19,6.67,14.81,14.07
227,hockey,5.23,5.88,67.97,5.88,8.5,6.54
228,hockey,15.83,15.11,25.9,10.79,18.71,13.67
229,hockey,5.08,5.08,68.36,7.91,7.34,6.21
230,hockey,10.23,5.56,50.08,11.43,13.83,8.87
231,hockey,2.22,1.29,86.78,2.57,5.5,1.64
232,hockey,13.21,12.26,33.02,12.26,16.98,12.26
233,hockey,9.85,12.12,42.42,7.58,18.94,9.09
234,hockey,7.14,10.71,50.0,7.14,14.29,10.71
235,hockey,10.83,17.5,28.33,9.17,18.33,15.83
236,for sale,11.76,15.03,16.99,8.5,21.57,26.14
237,hockey,18.14,11.16,42.79,5.12,9.3,13.49
238,hockey,21.13,12.08,41.89,7.55,5.28,12.08
239,hockey,11.63,11.63,43.41,11.63,10.85,10.85
240,hockey,10.79,15.24,47.94,6.03,9.52,10.48
241,hockey,9.25,6.94,46.24,6.36,8.09,23.12
242,hockey,7.41,16.67,44.44,6.02,8.33,17.13
243,hockey,8.78,10.81,43.92,7.43,7.43,21.62
244,hockey,9.02,9.02,42.62,9.84,9.02,20.49
245,hockey,14.96,6.69,47.64,8.27,11.02,11.42
246,hockey,9.14,8.6,47.85,6.99,11.29,16.13
247,hockey,7.78,10.89,47.47,5.84,11.28,16.73
248,hockey,8.74,15.53,26.21,14.56,17.48,17.48
249,hockey,10.71,13.39,28.57,8.04,13.39,25.89
250,hockey,9.86,16.9,31.69,16.2,11.97,13.38
251,hockey,10.14,9.04,59.73,5.75,6.3,9.04
252,hockey,11.34,9.28,40.21,16.49,11.34,11.34
253,for sale,11.24,19.1,12.36,20.22,15.73,21.35
254,apple hardware,15.62,12.5,15.62,14.06,21.88,20.31
255,hockey,8.59,15.15,42.42,9.6,10.1,14.14
256,hockey,12.71,10.59,55.29,3.76,6.12,11.53
257,hockey,13.02,13.61,34.91,9.47,10.65,18.34
258,hockey,13.93,9.02,38.52,8.2,10.66,19.67
259,hockey,8.94,8.38,56.42,7.26,8.94,10.06
260,hockey,10.07,12.08,40.27,6.71,8.72,22.15
261,hockey,17.69,12.31,39.62,6.54,7.31,16.54
262,hockey,21.91,9.57,40.43,8.33,9.26,10.49
263,hockey,18.6,12.79,23.26,12.79,20.93,11.63
264,hockey,7.63,12.98,42.75,7.63,19.08,9.92
265,electronics 2,9.8,17.65,18.63,21.57,19.61,12.75
266,hockey,7.94,8.73,45.24,7.94,18.25,11.9
267,hockey,9.09,11.82,35.45,9.09,11.82,22.73
268,for sale,16.42,14.93,16.42,13.43,17.91,20.9
269,hockey,9.73,8.85,38.94,8.85,15.93,17.7
270,hockey,7.96,1.44,78.06,3.71,6.51,2.33
271,hockey,14.12,11.18,38.82,7.65,15.29,12.94
272,hockey,13.24,8.82,39.71,11.03,16.18,11.03
273,hockey,12.36,11.2,44.79,8.88,10.42,12.36
274,hockey,12.89,18.55,45.91,5.66,4.4,12.58
275,hockey,6.56,13.13,57.53,4.25,7.72,10.81
276,hockey,15.45,9.55,50.91,7.73,7.73,8.64
277,hockey,5.97,6.97,65.17,5.97,8.46,7.46
278,hockey,14.36,15.38,45.13,5.64,6.15,13.33
279,hockey,13.4,19.14,37.8,6.22,8.13,15.31
280,hockey,15.29,13.33,49.02,5.49,5.1,11.76
281,hockey,14.11,8.77,58.08,4.38,4.79,9.86
282,hockey,2.41,2.71,83.13,2.41,6.93,2.41
283,hockey,8.62,12.07,31.9,12.07,18.1,17.24
284,hockey,19.64,7.14,32.14,10.71,8.93,21.43
285,hockey,15.2,14.22,29.41,11.27,13.24,16.67
286,hockey,12.57,12.57,34.13,6.59,14.37,19.76
287,hockey,10.14,14.19,49.32,10.81,8.11,7.43
288,hockey,8.05,6.9,54.02,5.75,7.47,17.82
289,hockey,14.89,7.09,46.81,7.8,11.35,12.06
290,hockey,6.34,5.63,64.08,7.75,10.56,5.63
291,hockey,11.71,11.71,36.04,11.71,15.32,13.51
292,hockey,13.04,17.39,30.43,8.7,13.04,17.39
293,hockey,11.82,8.18,50.91,10.0,10.91,8.18
294,hockey,8.03,15.33,35.77,10.22,16.79,13.87
295,hockey,12.93,10.34,43.1,9.48,12.93,11.21
296,hockey,13.18,9.3,34.88,12.4,15.5,14.73
297,hockey,13.88,23.44,35.41,9.09,5.26,12.92
298,hockey,13.33,16.3,31.85,8.89,15.56,14.07
299,hockey,14.52,12.63,48.92,5.11,5.38,13.44
300,hockey,7.6,6.43,61.99,7.02,9.36,7.6
301,hockey,18.05,10.53,44.36,3.76,7.27,16.04
302,hockey,7.27,12.73,52.73,7.27,9.09,10.91
303,hockey,12.88,11.66,45.4,5.52,9.82,14.72
304,hockey,8.17,13.8,58.87,3.66,6.48,9.01
305,hockey,15.17,6.81,52.01,3.72,9.91,12.38
306,hockey,11.24,10.11,48.88,8.43,12.92,8.43
307,hockey,8.24,10.59,45.88,9.8,10.2,15.29
308,hockey,7.91,10.73,54.8,9.6,9.04,7.91
309,hockey,11.89,15.14,44.32,8.11,10.27,10.27
310,hockey,7.05,9.62,53.85,6.41,12.82,10.26
311,hockey,18.64,11.02,25.42,12.71,22.03,10.17
312,hockey,7.67,9.82,63.19,3.99,7.67,7.67
313,hockey,12.44,8.46,53.23,5.47,12.94,7.46
314,hockey,16.42,13.43,26.12,8.21,22.39,13.43
315,hockey,3.61,4.82,76.31,4.02,7.63,3.61
316,hockey,13.33,11.67,39.17,12.5,6.25,17.08
317,hockey,11.76,12.5,38.24,10.29,13.97,13.24
318,hockey,14.61,12.36,27.53,12.36,15.17,17.98
319,apple hardware,12.07,17.24,22.41,7.76,29.31,11.21
320,hockey,11.8,16.77,34.16,6.21,13.04,18.01
321,hockey,9.89,7.33,57.14,5.49,12.09,8.06
322,hockey,13.45,8.77,42.69,7.6,12.28,15.2
323,hockey,10.0,21.0,26.0,9.0,23.0,11.0
324,hockey,11.73,10.61,45.25,8.94,9.5,13.97
325,hockey,10.92,10.92,47.6,5.68,9.61,15.28
326,hockey,10.38,9.43,33.96,9.43,16.04,20.75
327,hockey,10.2,18.37,27.55,13.27,17.35,13.27
328,hockey,10.59,10.59,42.35,9.41,15.29,11.76
329,hockey,11.97,8.55,35.04,12.82,15.38,16.24
330,hockey,11.4,12.28,28.07,13.16,13.16,21.93
331,hockey,14.55,12.12,43.64,6.67,13.33,9.7
332,hockey,8.57,6.29,51.43,6.86,13.14,13.71
333,hockey,9.44,7.51,68.04,4.36,2.78,7.87
334,hockey,7.84,3.45,69.91,5.64,7.21,5.96
335,hockey,2.93,2.66,84.04,3.46,3.99,2.93
336,hockey,5.0,8.12,64.38,5.0,7.5,10.0
337,hockey,7.14,4.12,70.33,6.04,5.77,6.59
338,hockey,10.42,9.38,39.58,9.38,15.62,15.62
339,hockey,11.44,10.59,43.22,7.63,13.56,13.56
340,hockey,8.43,10.67,53.37,6.74,7.87,12.92
341,hockey,7.83,9.04,46.99,7.83,16.27,12.05
342,hockey,14.38,13.01,28.77,6.85,16.44,20.55
343,hockey,10.65,11.24,51.48,5.33,10.06,11.24
344,hockey,11.11,12.12,34.34,10.1,22.22,10.1
345,hockey,16.35,14.42,32.69,8.65,17.31,10.58
346,hockey,18.0,14.0,32.67,8.0,19.33,8.0
347,hockey,16.85,16.85,30.34,6.18,14.04,15.73
348,hockey,8.66,11.81,24.41,13.39,18.11,23.62
349,hockey,11.11,13.07,39.22,10.46,10.46,15.69
350,guns,62.86,6.19,7.14,7.14,7.14,9.52
351,guns,69.78,5.43,4.72,11.81,2.83,5.43
352,guns,54.74,13.36,6.9,9.91,8.62,6.47
353,guns,66.16,5.07,3.17,15.15,5.07,5.39
354,guns,42.42,16.45,12.12,5.63,11.26,12.12
355,guns,24.75,15.84,13.86,11.88,13.86,19.8
356,guns,63.79,7.24,4.14,5.86,6.9,12.07
357,electronics 2,14.1,17.95,14.1,19.23,16.67,17.95
358,guns,29.39,16.73,12.65,7.35,13.47,20.41
359,guns,33.55,15.48,7.74,7.74,13.55,21.94
360,for sale,25.79,13.21,8.18,6.29,12.58,33.96
361,guns,31.87,13.12,16.88,6.25,18.12,13.75
362,guns,34.57,11.7,14.36,7.45,20.21,11.7
363,apple hardware,18.8,14.53,10.26,11.11,25.64,19.66
364,apple hardware,22.94,9.17,14.68,11.01,24.77,17.43
365,guns,32.26,7.26,8.87,7.26,15.32,29.03
366,guns,47.13,10.19,8.92,9.55,6.37,17.83
367,guns,42.22,8.89,7.11,4.89,12.89,24.0
368,guns,36.31,16.2,11.73,6.7,11.73,17.32
369,guns,40.91,16.43,11.54,5.94,13.99,11.19
370,for sale,16.13,13.44,13.44,13.44,8.6,34.95
371,for sale,14.29,16.67,13.1,19.05,15.48,21.43
372,guns,69.21,4.69,4.99,8.21,4.99,7.92
373,guns,36.32,15.38,4.7,9.83,15.38,18.38
374,guns,39.9,16.75,11.33,8.87,5.91,17.24
375,guns,45.45,19.19,5.05,7.58,11.11,11.62
376,guns,67.84,11.11,3.22,3.51,5.85,8.48
377,guns,61.76,12.42,7.19,5.56,4.25,8.82
378,guns,56.35,6.63,7.73,12.15,9.94,7.18
379,guns,43.87,16.51,4.25,6.84,10.38,18.16
380,guns,38.24,11.03,13.24,11.03,13.97,12.5
381,guns,57.06,7.98,9.2,9.82,6.75,9.2
382,guns,48.28,10.78,7.76,11.21,9.91,12.07
383,guns,54.96,10.94,8.91,7.89,5.34,11.96
384,guns,36.08,12.03,13.92,10.13,12.03,15.82
385,guns,33.14,16.57,5.14,10.86,14.86,19.43
386,guns,32.85,18.25,9.49,9.49,14.6,15.33
387,guns,34.16,20.5,8.07,8.7,13.04,15.53
388,guns,41.1,7.2,8.05,9.75,12.29,21.61
389,guns,34.77,17.58,4.3,16.02,11.72,15.62
390,guns,38.78,17.01,6.12,6.8,9.52,21.77
391,guns,35.47,11.63,9.3,8.72,11.63,23.26
392,guns,33.33,12.06,11.35,12.77,14.89,15.6
393,guns,39.68,11.74,6.88,8.5,25.91,7.29
394,guns,45.6,8.29,9.33,9.33,8.81,18.65
395,guns,47.13,25.8,3.82,6.69,6.37,10.19
396,guns,35.14,22.01,5.02,16.22,10.42,11.2
397,guns,22.56,20.12,10.37,10.98,15.24,20.73
398,guns,34.51,10.62,10.62,9.73,19.47,15.04
399,guns,45.98,11.49,5.75,8.05,17.24,11.49
400,guns,28.3,14.15,12.26,10.38,18.87,16.04
401,electronics,17.2,27.96,11.29,11.29,9.14,23.12
402,guns,25.85,19.73,14.97,8.84,15.65,14.97
403,guns,56.16,10.21,5.71,6.91,9.31,11.71
404,guns,61.49,8.62,7.47,6.32,6.9,9.2
405,guns,60.03,6.48,11.27,8.8,9.41,4.01
406,guns,39.04,23.68,6.58,7.46,9.21,14.04
407,guns,64.59,7.39,6.23,6.23,4.67,10.89
408,guns,60.67,11.61,5.62,4.12,5.24,12.73
409,guns,55.99,16.38,4.16,7.82,5.38,10.27
410,guns,61.92,7.24,4.91,7.01,9.81,9.11
411,guns,42.03,11.59,10.14,12.08,7.73,16.43
412,guns,50.99,8.61,8.61,10.6,8.61,12.58
413,guns,57.43,9.9,5.45,5.45,8.42,13.37
414,guns,31.84,13.43,6.97,13.93,7.46,26.37
415,guns,30.43,14.78,9.13,13.04,8.7,23.91
416,guns,36.81,13.19,13.19,9.72,10.42,16.67
417,guns,39.34,18.03,9.02,7.79,6.97,18.85
418,guns,36.14,12.38,9.41,15.35,9.9,16.83
419,guns,30.28,12.84,11.93,11.01,11.93,22.02
420,guns,46.72,8.76,7.3,5.84,14.6,16.79
421,guns,37.36,17.03,8.79,12.09,9.34,15.38
422,guns,59.5,11.09,3.62,9.5,5.2,11.09
423,guns,36.81,12.88,6.75,6.75,9.2,27.61
424,guns,41.28,22.82,7.72,3.36,7.05,17.79
425,guns,59.41,8.91,2.83,7.36,7.78,13.72
426,guns,63.88,9.69,5.29,7.05,5.73,8.37
427,guns,49.26,16.18,7.11,4.17,5.39,17.89
428,guns,55.43,21.91,2.81,4.87,3.18,11.8
429,guns,44.44,15.03,7.19,6.54,11.11,15.69
430,guns,52.12,16.53,5.51,4.66,10.17,11.02
431,guns,63.91,11.53,3.51,4.76,4.51,11.78
432,guns,41.27,12.17,10.58,10.58,6.35,19.05
433,guns,45.18,23.46,6.36,6.36,10.75,7.89
434,guns,47.5,9.17,10.0,11.67,10.83,10.83
435,guns,52.47,18.12,6.35,4.71,4.24,14.12
436,guns,43.58,28.46,4.03,4.79,3.78,15.37
437,guns,23.2,23.2,14.4,12.0,10.4,16.8
438,guns,54.38,15.71,7.55,3.32,4.23,14.8
439,guns,22.22,15.56,20.74,11.85,14.07,15.56
440,guns,55.03,17.86,4.38,4.22,7.14,11.36
441,guns,42.11,22.56,6.77,9.02,9.77,9.77
442,guns,40.21,28.11,5.69,4.98,8.19,12.81
443,guns,59.24,9.74,3.38,3.78,3.58,20.28
444,guns,36.97,10.92,6.72,10.92,13.45,21.01
445,guns,45.88,13.53,7.06,8.82,10.0,14.71
446,guns,37.26,24.06,6.13,9.91,13.21,9.43
447,guns,61.5,10.25,3.05,4.16,4.71,16.34
448,guns,41.1,15.75,9.59,10.27,11.64,11.64
449,guns,40.83,17.16,15.98,4.73,11.83,9.47
450,guns,45.86,11.46,8.92,8.92,12.74,12.1
451,guns,53.77,9.55,8.04,6.53,6.53,15.58
452,guns,60.07,9.72,4.51,6.25,7.99,11.46
453,for sale,19.66,9.4,11.11,7.69,14.53,37.61
454,hockey,33.77,13.19,34.56,4.49,7.92,6.07
455,guns,52.14,16.79,8.21,5.36,6.79,10.71
456,guns,38.01,16.37,7.6,8.77,14.62,14.62
457,guns,48.9,15.86,6.61,8.81,8.81,11.01
458,guns,47.59,12.41,7.59,5.52,11.72,15.17
459,guns,34.48,17.93,11.72,8.28,7.59,20.0
460,guns,48.85,15.22,7.43,8.67,6.02,13.81
461,guns,37.4,17.56,14.5,9.16,11.45,9.92
462,guns,54.93,10.45,4.18,4.78,5.07,20.6
463,guns,41.08,13.69,7.47,8.71,5.81,23.24
464,guns,25.22,18.26,16.52,13.91,9.57,16.52
465,guns,24.39,20.33,6.5,21.14,17.07,10.57
466,guns,23.53,20.59,15.69,11.76,10.78,17.65
467,guns,60.36,7.67,5.88,4.09,6.39,15.6
468,guns,48.68,9.93,8.61,6.29,8.28,18.21
469,guns,43.48,12.17,12.17,8.7,8.7,14.78
470,guns,41.71,19.79,9.63,5.88,7.49,15.51
471,guns,47.79,20.8,5.31,5.75,7.52,12.83
472,guns,53.56,21.15,6.13,3.95,3.95,11.26
473,guns,45.37,14.63,8.29,8.78,5.85,17.07
474,guns,59.38,9.82,5.36,3.57,7.14,14.73
475,guns,42.27,14.78,8.59,5.15,4.47,24.74
476,guns,29.01,8.4,9.16,14.5,27.48,11.45
477,guns,61.71,8.92,5.2,5.95,7.81,10.41
478,guns,48.95,12.88,8.2,4.92,3.51,21.55
479,guns,59.49,11.58,3.86,5.79,6.11,13.18
480,guns,28.45,18.97,12.93,16.38,14.66,8.62
481,guns,39.7,13.07,16.08,8.54,10.05,12.56
482,guns,55.15,7.72,6.62,5.88,10.29,14.34
483,guns,53.07,13.27,6.14,3.93,5.16,18.43
484,guns,43.06,16.2,6.94,6.02,11.11,16.67
485,guns,56.6,8.49,3.77,8.49,12.26,10.38
486,guns,42.76,16.45,5.92,10.53,5.92,18.42
487,guns,37.5,16.96,8.93,9.82,8.04,18.75
488,guns,55.24,7.16,4.6,8.18,4.09,20.72
489,guns,50.0,15.32,4.05,6.31,4.05,20.27
490,guns,60.33,14.01,3.8,4.51,5.46,11.88
491,guns,42.93,18.48,5.43,5.43,10.33,17.39
492,guns,59.48,12.93,4.31,3.45,5.46,14.37
493,guns,58.3,12.56,4.93,7.17,4.93,12.11
494,guns,58.1,15.86,5.17,4.66,3.97,12.24
495,guns,51.21,12.56,5.31,5.31,7.73,17.87
496,guns,34.65,11.81,11.02,12.6,11.81,18.11
497,guns,48.82,20.14,4.03,7.82,7.11,12.09
498,guns,45.83,15.91,7.95,6.44,8.33,15.53
499,guns,51.43,11.9,8.1,5.71,9.52,13.33
500,guns,50.21,6.17,8.3,27.66,4.26,3.4
501,guns,40.24,10.57,16.26,11.38,11.38,10.16
502,guns,44.35,13.81,9.62,10.88,7.53,13.81
503,guns,36.64,11.45,9.92,12.21,10.69,19.08
504,guns,25.93,18.52,9.26,9.26,13.89,23.15
505,guns,34.5,22.81,6.43,7.02,9.94,19.3
506,guns,61.82,11.21,7.27,6.06,5.15,8.48
507,guns,44.09,23.12,5.38,4.84,10.22,12.37
508,guns,34.29,20.71,8.57,6.43,13.57,16.43
509,guns,30.7,25.12,9.77,5.58,5.58,23.26
510,guns,40.93,24.05,5.49,5.06,7.59,16.88
511,guns,46.57,12.45,8.37,5.58,4.08,22.96
512,guns,37.61,10.18,10.18,18.14,9.29,14.6
513,guns,49.23,20.0,7.18,6.15,9.23,8.21
514,guns,47.1,12.32,7.97,9.42,8.7,14.49
515,guns,55.47,13.21,3.77,3.4,8.3,15.85
516,guns,76.8,2.91,3.2,12.59,2.71,1.79
517,guns,50.51,14.21,5.84,5.84,4.31,19.29
518,guns,51.27,6.33,15.19,6.01,8.23,12.97
519,guns,31.96,13.4,16.49,12.37,12.37,13.4
520,guns,39.22,15.29,5.1,7.45,12.94,20.0
521,guns,56.11,7.69,6.79,4.98,12.67,11.76
522,guns,64.99,6.9,4.24,4.77,7.69,11.41
523,guns,53.27,9.35,6.07,5.14,12.62,13.55
524,guns,19.83,19.83,19.83,7.76,18.1,14.66
525,guns,47.77,9.38,7.14,8.93,6.7,20.09
526,guns,36.22,13.51,13.51,4.86,13.51,18.38
527,guns,46.46,18.58,5.75,7.52,6.64,15.04
528,guns,51.3,11.3,9.57,8.26,5.22,14.35
529,guns,52.07,12.73,6.72,5.44,3.58,19.46
530,guns,28.63,25.4,4.84,8.06,14.92,18.15
531,guns,53.27,22.15,3.08,5.33,3.46,12.71
532,electronics,31.22,31.75,6.88,6.35,10.05,13.76
533,guns,29.91,26.5,10.26,8.55,12.82,11.97
534,guns,36.4,32.89,4.82,5.7,7.02,13.16
535,guns,31.25,15.87,22.12,5.29,9.62,15.87
536,guns,35.61,16.67,14.39,9.09,12.12,12.12
537,guns,42.29,17.79,5.53,9.09,13.44,11.86
538,guns,23.38,17.53,12.99,12.99,13.64,19.48
539,guns,37.93,19.83,12.93,6.47,7.33,15.52
540,guns,47.18,15.9,8.72,7.18,8.72,12.31
541,guns,62.46,10.18,5.61,5.96,5.26,10.53
542,electronics,27.45,34.64,7.84,5.23,8.5,16.34
543,guns,25.64,19.66,19.66,10.26,9.4,15.38
544,guns,35.94,20.83,11.98,7.81,11.46,11.98
545,guns,49.28,16.91,4.83,10.63,8.21,10.14
546,guns,67.05,7.1,6.82,5.4,5.97,7.67
547,hockey,22.88,14.83,41.95,3.81,7.63,8.9
548,guns,51.35,10.81,7.43,6.42,8.11,15.88
549,guns,45.83,13.69,5.95,5.95,9.52,19.05
550,guns,29.71,21.01,6.52,7.97,15.22,19.57
551,guns,31.07,30.1,8.74,5.34,7.28,17.48
552,electronics,28.03,29.3,7.64,6.37,12.1,16.56
553,guns,35.62,16.25,8.12,5.62,10.62,23.75
554,guns,38.74,15.18,14.14,6.28,11.52,14.14
555,guns,43.9,26.02,6.91,4.88,7.72,10.57
556,for sale,14.19,27.03,10.81,6.76,13.51,27.7
557,guns,34.23,14.41,10.81,9.01,11.71,19.82
558,guns,23.53,20.0,14.12,11.76,18.82,11.76
559,electronics,35.59,36.65,4.63,4.98,5.69,12.46
560,guns,57.79,15.26,5.52,4.22,6.17,11.04
561,guns,43.62,24.49,5.97,4.12,3.29,18.52
562,electronics,26.1,36.4,6.62,6.25,5.51,19.12
563,hockey,15.0,16.43,37.14,11.43,12.14,7.86
564,guns,41.16,26.91,6.6,5.54,5.01,14.78
565,guns,31.37,12.75,14.71,12.75,12.75,15.69
566,guns,44.39,11.76,9.09,6.42,10.7,17.65
567,guns,59.13,14.57,3.85,6.2,4.86,11.39
568,guns,37.3,7.94,7.94,8.73,12.7,25.4
569,guns,40.59,11.72,6.28,5.86,7.95,27.62
570,guns,60.14,10.31,6.53,7.56,6.53,8.93
571,guns,52.11,8.43,8.87,9.31,13.08,8.2
572,guns,29.05,12.86,12.86,9.05,13.33,22.86
573,guns,55.56,15.87,4.59,4.23,3.88,15.87
574,guns,59.32,11.51,6.9,4.23,4.97,13.07
575,guns,42.26,10.12,5.36,5.36,8.93,27.98
576,guns,43.82,12.92,8.99,10.67,14.61,8.99
577,apple hardware,14.77,15.91,12.5,11.36,34.09,11.36
578,guns,35.48,34.56,6.45,4.61,7.37,11.52
579,for sale,23.2,20.8,12.0,8.8,9.6,25.6
580,guns,37.23,15.33,6.57,7.3,7.3,26.28
581,hockey,18.63,12.42,27.33,12.42,13.04,16.15
582,guns,61.3,7.83,4.35,8.26,6.96,11.3
583,guns,69.66,7.72,5.92,4.13,5.21,7.36
584,guns,44.16,6.2,12.77,6.2,17.52,13.14
585,guns,54.0,6.0,10.0,12.0,10.67,7.33
586,guns,35.48,11.29,16.13,14.52,13.71,8.87
587,apple hardware,14.29,13.19,19.78,10.99,29.67,12.09
588,guns,61.76,8.24,6.47,5.88,7.06,10.59
589,guns,68.45,5.9,3.29,4.53,3.84,13.99
590,guns,52.85,18.91,1.48,10.36,3.08,13.33
591,guns,58.35,17.3,3.02,5.03,4.02,12.27
592,guns,34.58,19.63,15.89,10.28,9.35,10.28
593,guns,50.56,8.19,9.04,3.67,9.04,19.49
594,guns,37.66,12.13,13.81,8.79,17.99,9.62
595,guns,44.39,15.82,7.65,8.16,11.22,12.76
596,guns,25.53,13.83,9.57,10.64,19.15,21.28
597,guns,46.11,8.81,7.77,5.7,7.25,24.35
598,guns,34.17,13.33,10.0,6.67,15.0,20.83
599,for sale,30.27,10.88,11.9,6.12,6.46,34.35
600,guns,41.73,12.23,9.35,7.19,13.67,15.83
601,guns,44.97,12.75,8.72,9.4,10.74,13.42
602,guns,37.31,8.96,13.43,6.72,8.96,24.63
603,guns,42.68,13.71,6.85,9.97,7.79,19.0
604,guns,53.96,8.63,7.91,6.47,7.91,15.11
605,guns,38.56,16.34,5.23,6.54,17.65,15.69
606,guns,31.58,8.27,12.78,6.77,9.77,30.83
607,guns,79.14,2.11,6.41,5.55,3.92,2.87
608,apple hardware,22.22,12.12,13.13,9.09,25.25,18.18
609,guns,49.41,10.59,7.84,6.67,14.9,10.59
610,guns,39.3,13.93,9.45,6.47,6.47,24.38
611,for sale,31.43,10.86,9.71,6.29,9.71,32.0
612,for sale,22.0,8.0,8.67,10.67,23.33,27.33
613,for sale,29.19,9.73,10.81,7.57,8.65,34.05
614,guns,37.39,7.83,8.26,5.22,9.13,32.17
615,guns,36.84,15.79,10.53,6.02,12.03,18.8
616,guns,50.89,9.47,11.24,9.47,8.28,10.65
617,guns,35.0,10.0,8.33,9.44,20.0,17.22
618,guns,34.24,11.96,7.07,6.52,11.96,28.26
619,guns,50.0,18.16,4.34,3.68,6.32,17.5
620,guns,44.73,11.81,8.02,4.64,8.02,22.78
621,guns,32.93,11.98,16.17,7.19,8.38,23.35
622,guns,59.09,5.56,6.57,5.05,6.57,17.17
623,guns,22.45,17.35,12.24,13.27,18.37,16.33
624,electronics 2,17.5,12.5,17.5,20.0,15.0,17.5
625,guns,49.04,13.38,5.73,8.28,16.56,7.01
626,for sale,28.43,13.38,6.35,5.02,6.35,40.47
627,guns,48.36,11.48,9.02,7.38,12.3,11.48
628,guns,45.96,13.13,9.09,7.07,14.65,10.1
629,guns,37.15,20.14,5.21,9.72,6.6,21.18
630,guns,41.41,21.21,8.59,6.06,8.59,14.14
631,guns,56.78,7.04,8.04,7.04,7.54,13.57
632,for sale,33.23,13.11,7.32,4.27,7.62,34.45
633,guns,32.64,12.95,11.4,8.81,10.36,23.83
634,for sale,24.57,8.57,11.43,7.43,18.86,29.14
635,guns,52.41,15.06,5.42,7.83,10.84,8.43
636,guns,42.05,13.64,8.52,7.39,6.25,22.16
637,guns,36.53,17.96,8.98,8.98,11.38,16.17
638,guns,38.51,13.51,10.14,8.78,9.46,19.59
639,guns,34.85,12.12,9.09,7.58,14.39,21.97
640,guns,35.23,15.03,17.1,6.22,7.77,18.65
641,guns,37.57,9.52,20.11,5.82,5.82,21.16
642,guns,33.33,15.15,18.18,8.33,8.33,16.67
643,guns,51.6,13.61,5.88,5.04,9.75,14.12
644,guns,32.39,14.2,7.95,5.68,7.95,31.82
645,guns,34.16,17.39,17.39,8.7,9.94,12.42
646,guns,34.82,12.5,12.5,8.04,11.61,20.54
647,guns,37.31,7.46,8.96,7.46,20.9,17.91
648,guns,42.49,12.09,5.86,11.36,7.69,20.51
649,for sale,31.55,9.22,8.25,5.34,9.71,35.92
650,guns,42.66,13.99,6.99,16.78,12.59,6.99
651,guns,38.64,15.34,6.82,7.95,9.09,22.16
652,guns,53.69,9.36,9.85,7.88,12.32,6.9
653,guns,51.63,9.3,7.44,8.84,11.63,11.16
654,guns,31.45,12.9,8.06,8.06,9.68,29.84
655,for sale,20.53,9.27,12.58,8.61,14.57,34.44
656,for sale,30.23,9.3,6.98,8.14,9.88,35.47
657,for sale,27.48,15.27,6.11,9.16,7.63,34.35
658,guns,22.89,12.05,9.64,10.84,22.89,21.69
659,guns,41.39,9.84,5.74,6.56,6.56,29.92
660,electronics 2,12.5,15.0,13.75,21.25,21.25,16.25
661,guns,59.45,5.91,3.54,4.33,7.87,18.9
662,electronics 2,1.31,1.55,4.32,88.83,2.22,1.78
663,guns,42.57,13.65,6.43,7.63,7.23,22.49
664,guns,42.68,19.72,6.5,11.18,4.88,15.04
665,for sale,24.68,19.48,5.84,5.84,12.99,31.17
666,guns,53.62,7.23,7.23,3.83,5.53,22.55
667,guns,25.31,9.26,12.96,9.88,19.14,23.46
668,guns,47.06,10.86,7.24,4.52,7.69,22.62
669,guns,77.78,6.17,1.85,2.78,4.63,6.79
670,guns,54.64,4.44,8.47,20.56,5.04,6.85
671,for sale,14.66,13.79,12.07,7.76,22.41,29.31
672,for sale,26.86,8.0,12.0,6.29,18.29,28.57
673,for sale,29.57,8.7,9.57,7.83,12.17,32.17
674,guns,51.82,15.45,9.55,6.82,10.0,6.36
675,guns,42.15,8.07,8.52,5.83,7.17,28.25
676,for sale,27.03,7.43,8.11,6.76,13.51,37.16
677,for sale,15.93,11.5,7.08,7.08,14.16,44.25
678,guns,47.76,13.88,7.76,11.02,8.16,11.43
679,guns,27.34,12.23,10.79,7.91,19.42,22.3
680,guns,38.76,11.63,15.5,6.98,7.75,19.38
681,guns,38.65,11.04,6.13,6.75,13.5,23.93
682,guns,34.0,13.33,16.0,11.33,8.0,17.33
683,guns,49.41,17.06,7.06,9.41,8.82,8.24
684,guns,48.77,9.26,8.64,8.02,12.96,12.35
685,for sale,35.13,10.75,6.81,5.73,5.73,35.84
686,for sale,17.0,21.0,12.0,11.0,14.0,25.0
687,for sale,10.61,11.36,17.42,11.36,18.18,31.06
688,guns,34.62,15.38,11.54,10.58,13.46,14.42
689,guns,30.19,16.04,10.38,11.32,12.26,19.81
690,guns,46.86,7.95,8.79,5.02,6.28,25.1
691,electronics,26.12,36.73,4.9,7.35,8.98,15.92
692,guns,35.0,20.0,7.5,7.5,13.75,16.25
693,for sale,15.48,14.19,7.1,7.1,12.26,43.87
694,guns,46.78,8.14,4.75,5.42,6.44,28.47
695,guns,39.09,9.55,6.82,8.18,11.82,24.55
696,guns,36.36,15.45,12.73,8.18,11.82,15.45
697,for sale,15.58,16.23,11.04,8.44,10.39,38.31
698,for sale,25.16,12.9,11.61,9.03,12.9,28.39
699,for sale,14.57,16.56,7.28,7.28,15.89,38.41
700,for sale,24.48,11.89,6.99,8.39,17.48,30.77
701,for sale,13.49,12.7,6.35,7.94,11.9,47.62
702,for sale,28.78,12.68,6.83,5.37,9.27,37.07
703,guns,57.94,7.06,3.24,5.29,5.0,21.47
704,guns,38.75,15.31,9.38,7.97,7.34,21.25
705,for sale,19.4,14.18,7.46,10.45,18.66,29.85
706,for sale,17.54,19.3,12.28,9.65,14.04,27.19
707,guns,29.86,28.47,10.42,7.64,7.64,15.97
708,guns,58.0,10.0,6.5,8.5,6.5,10.5
709,guns,50.22,10.67,4.89,7.11,14.22,12.89
710,guns,45.57,7.34,5.81,5.81,6.73,28.75
711,guns,51.07,6.87,5.15,5.58,13.3,18.03
712,guns,64.57,7.62,3.31,4.97,5.63,13.91
713,guns,65.4,11.03,4.56,3.04,4.56,11.41
714,guns,54.05,6.91,7.51,3.0,4.5,24.02
715,guns,28.48,14.56,15.82,12.03,12.03,17.09
716,guns,52.79,5.58,8.12,4.57,18.27,10.66
717,guns,36.49,17.57,10.81,10.81,12.84,11.49
718,guns,43.25,28.37,4.84,4.15,5.88,13.49
719,guns,48.71,24.06,3.78,2.19,3.78,17.5
720,guns,28.04,14.02,8.41,15.89,14.02,19.63
721,apple hardware,17.32,8.66,18.11,8.66,32.28,14.96
722,guns,52.9,8.87,6.14,3.41,17.06,11.6
723,guns,46.61,11.02,10.17,9.32,13.56,9.32
724,guns,64.19,7.56,3.42,4.71,5.28,14.84
725,apple hardware,18.12,13.04,14.49,8.7,32.61,13.04
726,guns,47.95,6.43,12.87,6.43,15.2,11.11
727,guns,41.98,10.7,11.11,6.17,4.53,25.51
728,apple hardware,17.39,19.57,17.39,10.87,21.74,13.04
729,guns,27.32,20.1,9.28,8.25,15.98,19.07
730,guns,49.73,20.0,7.57,5.41,9.19,8.11
731,guns,38.82,8.55,5.26,23.68,11.84,11.84
732,guns,36.89,11.48,9.02,6.56,24.59,11.48
733,for sale,20.0,11.0,13.0,14.0,12.0,30.0
734,for sale,19.74,10.53,13.16,11.84,15.79,28.95
735,for sale,23.12,13.75,10.62,9.38,9.38,33.75
736,electronics 2,14.44,10.0,16.67,21.11,18.89,18.89
737,guns,22.69,18.49,17.65,10.08,18.49,12.61
738,guns,43.15,11.64,6.85,7.53,10.96,19.86
739,guns,31.43,12.86,8.57,5.71,20.0,21.43
740,guns,38.42,12.43,6.78,7.91,15.25,19.21
741,for sale,17.65,8.4,10.08,7.56,15.13,41.18
742,for sale,30.19,12.26,6.13,10.85,9.43,31.13
743,guns,41.78,17.37,11.74,11.27,10.8,7.04
744,for sale,25.79,14.47,6.29,5.03,17.61,30.82
745,guns,39.39,9.09,8.33,6.82,20.45,15.91
746,for sale,29.69,9.38,7.81,9.38,13.28,30.47
747,guns,44.03,8.96,8.21,5.97,11.94,20.9
748,guns,37.63,17.2,7.53,10.75,11.83,15.05
749,for sale,17.43,14.68,11.93,11.93,12.84,31.19
750,for sale,12.56,8.84,13.02,6.98,21.86,36.74
751,electronics,18.11,22.83,9.45,13.39,20.47,15.75
752,electronics,9.84,27.05,9.02,8.2,18.85,27.05
753,apple hardware,6.92,23.08,10.77,8.46,26.15,24.62
754,apple hardware,8.75,15.62,7.5,20.0,30.63,17.5
755,apple hardware,9.89,19.78,12.09,10.99,30.77,16.48
756,apple hardware,9.82,15.18,13.39,16.96,33.04,11.61
757,apple hardware,8.13,14.63,12.2,15.45,30.89,18.7
758,apple hardware,10.53,22.37,13.16,10.53,25.0,18.42
759,for sale,11.59,13.41,10.98,14.02,21.34,28.66
760,apple hardware,7.5,15.83,10.83,26.67,27.5,11.67
761,for sale,9.84,13.93,13.11,19.67,19.67,23.77
762,electronics,10.68,26.21,10.68,14.56,23.3,14.56
763,electronics,10.0,27.5,11.0,15.5,19.0,17.0
764,apple hardware,9.3,20.93,17.44,11.63,26.74,13.95
765,for sale,15.91,18.18,13.64,13.64,17.05,21.59
766,for sale,5.61,20.56,7.01,12.62,25.7,28.5
767,hockey,14.02,18.29,25.61,8.54,20.73,12.8
768,hockey,12.79,20.64,21.8,8.72,18.31,17.73
769,electronics,13.41,23.17,12.2,20.73,17.07,13.41
770,guns,28.32,12.72,8.09,13.29,19.08,18.5
771,for sale,8.33,22.22,11.11,12.96,18.52,26.85
772,apple hardware,11.36,18.18,6.82,9.85,38.64,15.15
773,apple hardware,13.19,12.09,14.29,10.99,39.56,9.89
774,electronics,7.62,36.32,5.38,8.52,22.87,19.28
775,apple hardware,12.12,15.15,16.16,13.13,23.23,20.2
776,apple hardware,18.45,16.5,9.71,15.53,21.36,18.45
777,electronics,8.19,34.5,10.53,11.7,19.3,15.79
778,apple hardware,7.69,17.95,12.82,17.95,26.5,17.09
779,apple hardware,8.75,11.25,9.38,17.5,43.12,10.0
780,apple hardware,11.27,16.9,12.68,7.75,33.1,18.31
781,apple hardware,9.57,22.34,11.7,11.7,34.04,10.64
782,apple hardware,8.05,21.48,8.72,11.41,36.91,13.42
783,apple hardware,7.1,19.35,14.19,16.77,25.16,17.42
784,for sale,10.34,16.67,6.9,10.34,24.14,31.61
785,electronics,8.33,23.96,9.38,16.67,18.75,22.92
786,electronics,8.54,26.22,12.2,13.41,25.0,14.63
787,hockey,9.3,15.12,24.42,15.12,24.42,11.63
788,apple hardware,9.4,15.38,17.95,15.38,26.5,15.38
789,for sale,16.07,12.5,17.26,14.29,11.31,28.57
790,for sale,9.52,19.05,11.9,13.1,21.43,25.0
791,apple hardware,9.6,11.86,12.43,16.38,35.03,14.69
792,for sale,11.05,16.28,8.14,15.7,20.93,27.91
793,apple hardware,11.52,22.12,7.37,7.83,28.57,22.58
794,electronics,10.23,28.98,6.25,17.61,14.77,22.16
795,apple hardware,8.2,24.59,9.84,9.84,32.79,14.75
796,apple hardware,10.05,17.99,6.88,9.52,33.33,22.22
797,apple hardware,5.77,15.77,5.77,28.08,32.69,11.92
798,apple hardware,13.14,13.14,10.22,17.52,27.01,18.98
799,apple hardware,12.63,9.47,15.79,14.74,29.47,17.89
800,hockey,8.94,13.01,30.08,16.26,15.45,16.26
801,apple hardware,7.52,21.8,18.8,11.28,24.06,16.54
802,apple hardware,8.16,20.41,15.31,13.27,30.61,12.24
803,apple hardware,12.42,13.73,7.84,13.73,33.33,18.95
804,electronics,13.21,21.7,16.04,9.43,17.92,21.7
805,apple hardware,8.98,25.15,8.98,11.38,29.34,16.17
806,apple hardware,9.93,18.54,11.26,8.61,33.77,17.88
807,electronics,10.58,26.92,9.62,12.5,21.15,19.23
808,apple hardware,9.18,13.27,13.27,16.33,34.69,13.27
809,for sale,8.67,11.33,14.0,14.67,20.67,30.67
810,electronics,9.09,28.88,8.56,9.63,25.13,18.72
811,electronics,8.33,36.31,7.14,8.33,23.81,16.07
812,apple hardware,8.41,23.36,13.08,8.41,27.1,19.63
813,apple hardware,8.87,20.97,12.1,9.68,26.61,21.77
814,electronics,13.11,29.27,6.71,12.8,18.29,19.82
815,apple hardware,8.91,22.77,8.91,9.9,27.72,21.78
816,apple hardware,8.33,14.29,6.55,10.12,36.9,23.81
817,electronics,10.2,23.13,11.56,14.97,20.41,19.73
818,apple hardware,7.36,19.02,6.13,8.59,42.94,15.95
819,apple hardware,9.18,16.33,17.35,9.18,27.55,20.41
820,for sale,12.5,19.83,8.62,16.38,16.38,26.29
821,apple hardware,11.97,19.72,13.38,11.97,21.83,21.13
822,apple hardware,8.18,20.0,10.0,7.27,41.82,12.73
823,apple hardware,8.15,21.48,8.89,7.41,30.37,23.7
824,apple hardware,21.58,13.69,7.47,11.62,26.14,19.5
825,apple hardware,10.78,16.67,9.8,9.8,28.43,24.51
826,apple hardware,15.53,21.36,8.74,12.62,24.27,17.48
827,electronics,10.16,27.81,9.09,14.44,18.72,19.79
828,apple hardware,9.35,25.18,7.19,5.76,36.69,15.83
829,apple hardware,7.93,17.68,6.1,7.32,46.34,14.63
830,hockey,14.08,16.9,21.83,14.79,13.38,19.01
831,electronics,9.35,30.84,8.41,11.21,19.63,20.56
832,for sale,8.86,15.82,6.96,12.66,27.22,28.48
833,electronics 2,6.35,16.51,6.35,33.02,10.79,26.98
834,electronics 2,4.76,15.56,8.89,33.02,10.79,26.98
835,for sale,5.26,17.76,21.71,9.21,18.42,27.63
836,for sale,7.0,16.0,5.5,17.5,22.0,32.0
837,apple hardware,8.4,9.16,19.85,11.45,31.3,19.85
838,electronics,9.85,24.24,21.21,11.36,15.15,18.18
839,apple hardware,12.66,20.52,7.42,6.99,36.68,15.72
840,electronics,7.69,41.03,8.55,8.55,17.95,16.24
841,electronics 2,7.77,17.48,20.39,29.13,12.62,12.62
842,electronics,7.05,28.85,9.62,7.69,28.21,18.59
843,apple hardware,8.15,18.52,8.89,10.37,31.85,22.22
844,apple hardware,9.16,22.14,9.16,11.45,40.46,7.63
845,electronics,4.76,22.62,21.43,13.69,16.07,21.43
846,apple hardware,7.52,18.14,8.85,9.29,38.5,17.7
847,electronics 2,5.97,22.39,19.4,23.13,14.93,14.18
848,for sale,14.1,15.38,5.13,16.67,18.59,30.13
849,apple hardware,9.88,25.51,6.58,7.0,35.8,15.23
850,apple hardware,8.56,16.58,5.88,7.49,34.22,27.27
851,apple hardware,13.27,17.35,9.18,12.24,31.63,16.33
852,apple hardware,10.28,16.82,14.02,14.02,23.36,21.5
853,electronics,12.86,30.0,8.57,8.57,23.57,16.43
854,apple hardware,11.65,12.62,21.36,10.68,27.18,16.5
855,for sale,9.74,21.03,9.23,9.23,22.05,28.72
856,for sale,9.71,14.86,11.43,20.0,17.14,26.86
857,for sale,6.37,16.18,6.86,13.24,27.94,29.41
858,for sale,12.22,17.78,12.22,13.33,20.0,24.44
859,apple hardware,11.01,24.67,7.05,10.57,35.68,11.01
860,apple hardware,15.15,25.76,8.08,8.08,27.78,15.15
861,apple hardware,10.89,8.91,22.77,8.91,28.71,19.8
862,for sale,8.13,25.2,8.13,11.38,21.14,26.02
863,apple hardware,10.64,20.21,20.21,9.57,23.4,15.96
864,apple hardware,9.04,27.68,5.65,7.91,33.33,16.38
865,apple hardware,6.04,28.19,7.38,8.72,29.53,20.13
866,apple hardware,11.2,12.8,7.2,13.6,32.8,22.4
867,apple hardware,8.61,15.89,7.95,11.26,32.45,23.84
868,apple hardware,12.67,17.33,11.33,10.67,28.67,19.33
869,apple hardware,6.8,17.69,10.88,12.24,26.53,25.85
870,apple hardware,15.62,12.05,8.48,9.38,41.07,13.39
871,apple hardware,14.09,24.16,7.38,7.38,34.23,12.75
872,apple hardware,11.84,15.79,11.84,11.84,38.16,10.53
873,electronics,11.46,35.67,8.28,7.01,21.66,15.92
874,electronics,8.81,31.03,9.2,23.75,15.71,11.49
875,for sale,8.16,19.05,7.48,19.73,22.45,23.13
876,for sale,8.7,11.96,11.96,17.39,22.83,27.17
877,electronics,7.77,42.49,7.77,8.29,20.21,13.47
878,apple hardware,17.89,14.63,17.07,13.82,26.02,10.57
879,electronics,7.82,37.99,8.38,8.38,22.35,15.08
880,for sale,18.8,13.53,9.02,10.53,21.05,27.07
881,apple hardware,11.25,21.25,16.25,13.75,22.5,15.0
882,electronics,5.17,27.59,9.77,12.64,22.41,22.41
883,apple hardware,8.0,18.0,8.0,25.33,28.67,12.0
884,hockey,8.08,20.2,23.23,10.1,23.23,15.15
885,apple hardware,10.42,18.75,16.67,12.5,32.29,9.38
886,electronics,12.5,26.47,9.56,16.18,18.38,16.91
887,for sale,9.47,17.89,20.0,11.58,17.89,23.16
888,apple hardware,8.07,18.63,8.07,24.22,27.95,13.04
889,for sale,10.0,21.11,15.56,12.22,18.89,22.22
890,apple hardware,10.75,17.2,24.73,9.68,27.96,9.68
891,apple hardware,7.79,23.38,6.49,11.69,31.17,19.48
892,apple hardware,11.27,16.9,14.08,15.49,29.58,12.68
893,apple hardware,9.38,18.75,15.62,9.38,29.17,17.71
894,electronics,9.52,25.85,8.16,9.52,25.17,21.77
895,electronics,15.87,23.81,14.29,11.11,17.46,17.46
896,electronics,9.26,24.07,9.26,18.52,22.22,16.67
897,electronics,7.56,29.65,8.72,11.63,25.58,16.86
898,electronics,6.44,25.74,8.42,14.85,22.28,22.28
899,electronics,11.8,20.79,9.55,17.42,20.22,20.22
900,apple hardware,8.74,16.5,10.68,24.27,26.21,13.59
901,for sale,11.38,20.96,7.78,16.77,19.76,23.35
902,electronics,8.53,22.48,14.73,20.93,17.83,15.5
903,electronics,11.21,33.18,3.74,14.02,15.89,21.96
904,for sale,13.73,18.3,7.84,13.73,16.99,29.41
905,electronics,13.39,21.43,10.71,16.96,16.07,21.43
906,for sale,10.32,22.22,13.49,11.11,17.46,25.4
907,for sale,13.11,16.39,18.03,18.03,14.75,19.67
908,for sale,14.55,11.82,13.64,11.36,23.64,25.0
909,apple hardware,11.43,14.29,14.29,12.38,32.38,15.24
910,apple hardware,9.2,19.54,11.49,11.49,33.33,14.94
911,apple hardware,10.66,19.67,14.75,13.93,22.95,18.03
912,electronics,6.38,26.06,6.91,17.02,19.68,23.94
913,apple hardware,7.89,17.54,11.4,16.67,33.33,13.16
914,apple hardware,13.0,13.0,17.0,15.0,27.0,15.0
915,apple hardware,10.58,16.35,12.5,16.35,24.04,20.19
916,electronics,9.52,22.62,13.1,11.9,22.62,20.24
917,electronics,11.97,26.76,8.45,10.56,16.9,25.35
918,electronics,16.81,32.77,21.01,8.4,8.4,12.61
919,electronics,12.69,35.82,6.72,9.7,18.66,16.42
920,electronics,8.55,27.63,7.24,17.11,22.37,17.11
921,apple hardware,5.85,20.47,6.43,10.53,35.67,21.05
922,apple hardware,13.0,15.0,13.0,11.0,37.0,11.0
923,apple hardware,8.79,20.88,10.99,14.29,26.37,18.68
924,apple hardware,9.68,16.13,12.9,11.29,29.84,20.16
925,apple hardware,14.77,20.45,13.64,15.91,23.86,11.36
926,apple hardware,17.74,14.52,12.9,14.52,22.58,17.74
927,apple hardware,11.49,13.79,13.79,14.94,32.18,13.79
928,apple hardware,15.97,17.36,11.11,13.19,21.53,20.83
929,apple hardware,6.25,19.53,7.81,12.5,34.38,19.53
930,apple hardware,13.57,17.86,7.86,17.86,30.0,12.86
931,apple hardware,12.64,16.09,13.79,17.24,29.89,10.34
932,electronics,11.02,27.12,10.59,11.86,17.8,21.61
933,electronics,6.94,43.06,12.5,8.33,16.67,12.5
934,apple hardware,9.22,16.31,7.8,20.57,26.24,19.86
935,electronics,6.7,45.45,10.05,9.09,11.48,17.22
936,electronics,8.37,47.91,11.16,7.91,9.77,14.88
937,apple hardware,9.84,14.96,12.6,13.39,27.17,22.05
938,apple hardware,8.7,17.39,18.48,13.04,30.43,11.96
939,apple hardware,9.2,12.64,18.39,13.79,28.74,17.24
940,apple hardware,14.58,11.46,20.83,11.46,27.08,14.58
941,electronics,10.64,37.23,10.64,8.51,20.21,12.77
942,electronics,9.85,25.62,15.76,10.84,25.62,12.32
943,apple hardware,7.94,20.63,7.41,10.05,34.39,19.58
944,apple hardware,12.39,17.7,12.39,12.39,32.74,12.39
945,apple hardware,9.29,24.29,9.29,15.71,32.14,9.29
946,for sale,15.0,16.0,6.5,24.0,12.5,26.0
947,apple hardware,10.09,21.1,13.76,11.01,25.69,18.35
948,electronics,8.41,29.45,13.59,15.86,15.53,17.15
949,apple hardware,9.7,18.57,5.06,12.24,35.02,19.41
950,electronics,8.84,29.25,6.8,6.8,22.45,25.85
951,apple hardware,9.38,18.75,8.33,18.75,32.29,12.5
952,for sale,13.0,19.0,12.0,13.0,20.0,23.0
953,apple hardware,9.38,21.88,10.42,12.5,32.29,13.54
954,electronics,9.77,28.84,6.51,13.95,13.95,26.98
955,for sale,13.92,17.72,16.46,15.19,17.72,18.99
956,apple hardware,10.37,14.07,8.89,21.48,25.19,20.0
957,electronics,9.09,25.0,14.77,10.23,23.86,17.05
958,electronics,11.36,26.14,7.95,16.48,14.2,23.86
959,apple hardware,12.5,17.31,18.27,15.38,22.12,14.42
960,electronics 2,7.96,21.24,19.47,23.89,15.04,12.39
961,electronics,16.55,30.34,9.66,13.79,17.24,12.41
962,apple hardware,10.0,17.5,11.25,12.5,26.25,22.5
963,electronics,11.28,32.33,12.78,10.53,18.8,14.29
964,apple hardware,11.63,10.47,9.3,13.95,34.88,19.77
965,apple hardware,11.49,14.94,9.2,13.79,39.08,11.49
966,for sale,7.56,17.65,9.8,21.01,18.49,25.49
967,apple hardware,12.62,21.36,10.68,10.68,30.1,14.56
968,electronics 2,9.78,18.48,10.87,21.2,21.2,18.48
969,apple hardware,11.71,17.12,16.22,13.51,23.42,18.02
970,electronics,9.71,32.04,5.83,15.53,20.39,16.5
971,apple hardware,9.28,15.46,13.4,11.34,37.11,13.4
972,apple hardware,7.89,21.05,9.21,11.84,36.18,13.82
973,for sale,8.25,15.46,19.59,12.37,20.62,23.71
974,electronics,8.45,30.99,14.79,10.56,21.83,13.38
975,for sale,12.62,17.48,16.5,10.68,20.39,22.33
976,apple hardware,11.46,19.79,17.71,12.5,26.04,12.5
977,electronics,16.07,25.89,10.71,10.71,25.0,11.61
978,for sale,7.33,17.33,8.67,10.67,21.33,34.67
979,for sale,9.38,10.94,11.72,12.5,25.0,30.47
980,apple hardware,6.53,12.06,6.53,21.61,27.14,26.13
981,for sale,11.24,20.22,12.36,13.48,19.1,23.6
982,apple hardware,7.69,19.23,8.65,21.15,27.88,15.38
983,electronics,7.82,29.05,7.26,9.5,23.46,22.91
984,apple hardware,8.16,17.35,21.43,13.27,23.47,16.33
985,apple hardware,8.65,18.27,14.42,23.08,26.92,8.65
986,electronics,10.46,39.87,9.8,9.8,16.34,13.73
987,electronics,15.2,28.43,7.84,12.25,16.18,20.1
988,apple hardware,15.0,20.0,6.43,10.0,30.0,18.57
989,apple hardware,9.02,22.95,10.66,9.84,31.15,16.39
990,electronics,13.39,24.41,12.6,11.02,23.62,14.96
991,apple hardware,10.64,19.68,9.57,12.23,25.53,22.34
992,electronics 2,9.92,25.95,12.21,26.72,13.74,11.45
993,electronics 2,15.32,20.16,12.1,22.58,14.52,15.32
994,electronics,6.67,30.77,5.64,5.64,20.51,30.77
995,for sale,8.67,21.43,7.14,7.65,18.88,36.22
996,electronics 2,8.33,17.22,18.89,25.0,18.33,12.22
997,electronics,8.18,39.09,10.0,7.27,21.82,13.64
998,electronics,9.09,32.32,9.09,9.09,16.16,24.24
999,electronics,9.77,32.09,10.23,9.77,19.07,19.07
1000,for sale,10.26,32.05,7.69,5.13,12.18,32.69
1001,apple hardware,6.33,18.35,14.56,11.39,32.28,17.09
1002,for sale,9.21,26.32,9.21,7.24,21.05,26.97
1003,for sale,18.24,11.18,7.65,9.41,22.35,31.18
1004,electronics,9.84,34.43,9.02,7.38,23.77,15.57
1005,electronics,8.27,30.83,15.04,9.02,15.79,21.05
1006,electronics 2,9.68,10.75,20.43,27.96,19.35,11.83
1007,apple hardware,9.09,11.82,15.45,11.82,28.18,23.64
1008,electronics,5.91,48.92,9.14,9.68,15.59,10.75
1009,electronics,8.14,32.56,12.21,8.72,22.09,16.28
1010,for sale,8.29,25.41,11.05,14.36,14.36,26.52
1011,electronics,18.9,21.26,11.81,11.02,16.54,20.47
1012,apple hardware,9.09,22.73,9.09,12.5,32.95,13.64
1013,electronics,8.08,27.27,10.1,9.09,25.25,20.2
1014,apple hardware,10.66,14.34,9.84,12.7,31.56,20.9
1015,apple hardware,11.58,14.74,14.74,10.53,33.68,14.74
1016,apple hardware,12.26,21.7,10.38,9.43,31.13,15.09
1017,apple hardware,9.9,21.78,16.83,8.91,27.72,14.85
1018,electronics,8.22,30.14,8.9,6.16,28.08,18.49
1019,electronics,10.61,31.82,7.58,7.58,24.24,18.18
1020,apple hardware,9.38,22.4,8.33,15.1,26.04,18.75
1021,electronics,12.05,33.13,16.27,10.24,14.46,13.86
1022,for sale,7.97,19.57,8.7,14.49,19.57,29.71
1023,electronics,9.02,24.06,18.05,14.29,20.3,14.29
1024,apple hardware,11.76,18.72,13.37,9.09,27.27,19.79
1025,apple hardware,10.66,15.57,9.84,13.11,37.7,13.11
1026,electronics,11.02,27.95,4.33,18.9,21.65,16.14
1027,electronics,7.69,25.44,5.92,24.85,15.38,20.71
1028,apple hardware,12.5,19.32,12.5,17.05,21.59,17.05
1029,electronics,10.99,25.27,10.99,9.89,20.88,21.98
1030,electronics,8.65,26.92,11.54,10.58,23.08,19.23
1031,apple hardware,9.73,18.58,10.62,17.7,26.55,16.81
1032,hockey,6.77,18.05,28.57,14.29,14.29,18.05
1033,apple hardware,11.21,15.89,9.35,16.82,32.71,14.02
1034,apple hardware,8.91,18.81,10.89,15.84,35.64,9.9
1035,for sale,10.06,13.84,8.81,16.98,16.98,33.33
1036,electronics,7.76,31.47,9.05,9.91,25.0,16.81
1037,electronics,7.98,33.13,8.59,13.5,15.95,20.86
1038,apple hardware,9.03,20.83,9.03,13.89,33.33,13.89
1039,electronics,9.49,31.65,8.23,10.13,27.22,13.29
1040,apple hardware,11.76,19.12,13.24,11.76,32.35,11.76
1041,apple hardware,8.91,17.82,8.91,7.92,28.71,27.72
1042,apple hardware,8.42,11.58,12.63,8.42,45.26,13.68
1043,for sale,8.3,19.25,7.92,10.94,18.11,35.47
1044,apple hardware,13.87,22.63,9.49,16.79,24.82,12.41
1045,apple hardware,7.14,26.92,8.79,13.74,30.22,13.19
1046,apple hardware,9.47,8.42,9.47,10.53,46.32,15.79
1047,electronics,6.25,47.5,8.75,5.62,13.12,18.75
1048,electronics,8.73,24.6,13.49,11.9,23.02,18.25
1049,electronics,6.6,25.94,8.49,8.96,24.06,25.94
1050,for sale,11.63,26.16,9.3,6.98,14.53,31.4
1051,for sale,9.57,24.35,9.57,8.7,20.87,26.96
1052,apple hardware,12.5,18.75,20.31,12.5,23.44,12.5
1053,electronics,4.44,48.79,7.66,7.26,20.56,11.29
1054,for sale,15.21,21.69,5.92,9.58,23.1,24.51
1055,apple hardware,11.56,13.98,7.26,23.12,28.76,15.32
1056,for sale,8.04,25.0,8.93,12.5,17.86,27.68
1057,apple hardware,5.68,15.34,12.5,17.61,27.27,21.59
1058,apple hardware,10.26,20.51,12.82,17.09,29.06,10.26
1059,apple hardware,16.87,15.66,18.07,16.87,20.48,12.05
1060,apple hardware,10.0,22.5,10.0,10.83,25.83,20.83
1061,for sale,10.0,16.0,6.67,10.67,24.0,32.67
1062,electronics,9.09,45.45,4.55,8.52,13.64,18.75
1063,apple hardware,9.73,16.81,10.62,8.85,41.59,12.39
1064,apple hardware,10.0,17.78,13.33,13.33,31.11,14.44
1065,apple hardware,5.97,12.69,16.42,17.91,36.57,10.45
1066,apple hardware,9.17,21.1,11.01,8.26,33.94,16.51
1067,electronics,10.81,27.03,7.57,15.68,15.68,23.24
1068,electronics,9.6,34.34,14.14,7.58,17.68,16.67
1069,electronics,8.77,27.19,8.77,11.4,27.19,16.67
1070,for sale,9.94,17.68,5.52,8.29,25.97,32.6
1071,apple hardware,10.74,14.05,9.92,8.26,28.93,28.1
1072,apple hardware,12.37,18.56,12.37,18.56,21.65,16.49
1073,apple hardware,14.47,18.42,10.53,19.74,22.37,14.47
1074,apple hardware,8.43,16.87,4.82,12.05,42.47,15.36
1075,for sale,8.99,11.8,10.11,15.17,20.79,33.15
1076,apple hardware,7.79,12.99,9.74,22.73,31.82,14.94
1077,apple hardware,10.49,19.75,11.73,12.96,24.07,20.99
1078,electronics,8.13,23.58,16.26,21.95,9.76,20.33
1079,apple hardware,14.1,15.38,9.62,18.59,30.13,12.18
1080,apple hardware,8.13,14.63,10.57,6.5,33.33,26.83
1081,apple hardware,11.34,17.53,19.59,10.31,25.77,15.46
1082,apple hardware,13.54,19.79,8.33,11.46,29.17,17.71
1083,for sale,12.5,27.34,10.16,8.59,10.16,31.25
1084,apple hardware,9.68,22.58,9.03,10.97,34.19,13.55
1085,electronics,6.96,45.42,4.4,8.42,11.72,23.08
1086,for sale,6.38,20.21,6.74,22.34,12.41,31.91
1087,for sale,11.71,20.98,6.83,6.34,24.88,29.27
1088,apple hardware,10.86,23.43,8.0,14.29,28.57,14.86
1089,apple hardware,9.47,15.91,11.74,20.83,29.17,12.88
1090,electronics,9.6,28.4,6.8,11.6,22.0,21.6
1091,electronics,12.5,32.39,8.52,6.25,25.57,14.77
1092,electronics,6.97,46.72,4.92,6.97,13.93,20.49
1093,electronics 2,11.83,12.9,11.83,30.11,23.66,9.68
1094,apple hardware,8.33,19.44,11.11,22.22,23.15,15.74
1095,apple hardware,8.4,15.97,10.92,15.97,31.93,16.81
1096,electronics 2,9.68,12.9,11.83,22.58,20.43,22.58
1097,apple hardware,10.16,15.62,19.53,10.16,25.0,19.53
1098,electronics,10.68,31.07,14.56,9.71,17.48,16.5
1099,electronics,13.27,25.66,11.5,18.58,12.39,18.58
1100,electronics,13.4,24.74,14.43,11.34,22.68,13.4
1101,electronics,8.66,30.71,10.24,9.45,20.47,20.47
1102,electronics,8.97,39.31,9.66,7.59,23.45,11.03
1103,electronics,12.77,24.11,13.48,7.8,21.99,19.86
1104,electronics,12.78,37.59,10.53,8.27,15.04,15.79
1105,for sale,12.35,18.52,17.28,9.88,19.75,22.22
1106,electronics,8.14,45.29,5.34,9.41,15.78,16.03
1107,for sale,8.05,24.16,12.08,14.77,15.44,25.5
1108,apple hardware,8.09,11.56,8.09,7.51,45.66,19.08
1109,for sale,8.65,20.19,13.46,16.35,20.19,21.15
1110,electronics,8.6,29.57,8.6,12.37,18.82,22.04
1111,apple hardware,7.69,20.19,8.65,10.58,41.35,11.54
1112,apple hardware,9.59,19.18,11.64,8.9,36.99,13.7
1113,electronics,10.0,29.0,13.0,14.0,15.0,19.0
1114,apple hardware,8.4,21.01,10.08,8.4,36.13,15.97
1115,electronics,6.98,27.91,5.23,22.09,20.93,16.86
1116,electronics,7.65,34.43,8.74,9.29,24.59,15.3
1117,electronics,6.84,41.03,5.98,8.12,18.38,19.66
1118,electronics,13.49,34.92,9.52,11.11,15.08,15.87
1119,apple hardware,7.48,26.17,10.28,12.15,27.1,16.82
1120,electronics,8.5,26.8,16.34,7.19,24.18,16.99
1121,guns,21.69,18.67,10.24,7.83,19.88,21.69
1122,apple hardware,8.33,21.3,17.59,11.11,28.7,12.96
1123,apple hardware,8.38,23.56,7.85,20.42,31.94,7.85
1124,apple hardware,10.78,17.65,7.84,11.76,33.33,18.63
1125,apple hardware,8.89,16.67,10.0,13.33,31.11,20.0
1126,electronics,9.21,36.18,5.92,8.55,20.39,19.74
1127,electronics,12.03,27.39,5.81,8.71,22.82,23.24
1128,electronics,10.0,39.38,10.0,8.12,17.5,15.0
1129,electronics,10.92,35.63,6.9,12.64,19.54,14.37
1130,electronics,8.87,35.89,6.85,4.84,27.42,16.13
1131,apple hardware,16.32,19.44,12.5,7.64,24.31,19.79
1132,electronics 2,6.5,27.68,8.76,29.94,14.12,12.99
1133,electronics,6.27,29.57,7.02,9.27,24.31,23.56
1134,apple hardware,10.99,15.38,13.19,9.89,31.87,18.68
1135,apple hardware,6.25,22.16,7.39,6.82,30.68,26.7
1136,electronics 2,12.17,18.26,9.57,25.22,20.0,14.78
1137,apple hardware,10.28,14.95,12.15,15.89,27.1,19.63
1138,apple hardware,13.04,17.39,14.13,14.13,23.91,17.39
1139,electronics 2,8.82,18.91,10.92,24.79,15.13,21.43
1140,electronics,16.06,25.55,5.84,16.79,21.17,14.6
1141,apple hardware,11.7,20.47,21.64,10.53,22.81,12.87
1142,electronics,6.25,29.17,8.33,13.19,23.61,19.44
1143,electronics,6.98,33.14,7.56,6.4,25.58,20.35
1144,apple hardware,13.16,14.47,17.11,13.16,23.68,18.42
1145,apple hardware,8.61,22.52,9.27,9.27,25.17,25.17
1146,electronics,7.69,35.5,5.33,6.51,27.81,17.16
1147,apple hardware,8.11,20.72,6.31,6.31,42.79,15.77
1148,apple hardware,18.85,13.93,13.11,15.57,30.33,8.2
1149,electronics,10.23,27.44,8.37,12.56,20.0,21.4
1150,for sale,11.98,19.76,6.59,7.78,23.95,29.94
1151,apple hardware,14.62,24.62,6.92,10.77,26.92,16.15
1152,apple hardware,6.43,17.14,20.71,11.43,23.57,20.71
1153,apple hardware,12.36,18.54,7.3,6.74,37.08,17.98
1154,electronics,11.51,25.18,7.91,10.07,23.02,22.3
1155,apple hardware,6.37,22.71,11.55,6.37,35.06,17.93
1156,apple hardware,7.06,20.59,9.41,16.47,31.18,15.29
1157,apple hardware,13.22,15.25,8.81,6.44,40.34,15.93
1158,apple hardware,7.83,11.45,15.06,8.43,35.54,21.69
1159,electronics,14.08,32.52,8.25,9.71,21.84,13.59
1160,apple hardware,10.31,15.46,11.34,11.34,31.96,19.59
1161,electronics,8.8,25.6,16.8,10.4,20.0,18.4
1162,apple hardware,13.54,22.4,6.77,6.77,26.56,23.96
1163,apple hardware,11.88,15.0,10.62,6.25,34.38,21.88
1164,apple hardware,12.37,18.56,17.53,13.4,20.62,17.53
1165,apple hardware,12.77,22.7,15.6,8.51,24.82,15.6
1166,electronics 2,14.49,15.94,17.39,23.19,14.49,14.49
1167,electronics,7.85,46.69,5.79,4.96,17.77,16.94
1168,apple hardware,11.38,15.57,12.57,8.98,29.34,22.16
1169,apple hardware,7.33,17.67,5.17,28.02,28.88,12.93
1170,electronics,8.7,42.65,7.04,7.04,22.36,12.22
1171,electronics 2,8.0,17.0,8.0,26.0,19.0,22.0
1172,apple hardware,10.6,15.89,8.61,5.3,37.75,21.85
1173,hockey,11.84,17.11,21.05,14.47,19.74,15.79
1174,apple hardware,5.71,17.71,11.43,17.71,26.86,20.57
1175,electronics,8.88,24.26,10.65,10.65,24.26,21.3
1176,apple hardware,6.4,24.4,7.2,10.0,39.2,12.8
1177,apple hardware,9.01,23.42,10.81,14.41,25.23,17.12
1178,for sale,8.89,22.22,14.07,14.81,17.04,22.96
1179,electronics,8.41,32.71,13.08,14.02,12.15,19.63
1180,for sale,7.33,8.67,8.67,15.33,24.67,35.33
1181,electronics,13.21,21.7,10.38,14.15,20.75,19.81
1182,electronics,8.0,36.0,16.0,9.6,16.0,14.4
1183,apple hardware,10.29,24.26,11.03,8.82,30.15,15.44
1184,apple hardware,9.03,19.35,8.39,11.61,35.48,16.13
1185,for sale,11.86,19.49,11.86,14.41,19.49,22.88
1186,apple hardware,6.21,28.97,4.48,7.24,31.38,21.72
1187,electronics,6.7,39.18,6.7,5.67,9.28,32.47
1188,apple hardware,14.61,13.48,19.1,11.24,26.97,14.61
1189,apple hardware,7.95,23.84,8.61,9.93,25.17,24.5
1190,electronics,5.76,25.18,20.14,10.07,20.86,17.99
1191,electronics,10.38,25.14,12.02,23.5,11.48,17.49
1192,apple hardware,8.57,20.0,14.29,10.48,28.57,18.1
1193,apple hardware,5.71,17.86,18.57,14.29,31.43,12.14
1194,electronics,9.94,27.62,13.81,9.94,25.41,13.26
1195,apple hardware,13.74,17.58,8.79,13.74,32.97,13.19
1196,electronics,5.26,43.54,5.74,11.48,12.92,21.05
1197,apple hardware,7.18,20.44,6.63,11.05,40.88,13.81
1198,apple hardware,10.2,16.33,12.24,10.2,27.55,23.47
1199,electronics,8.33,33.33,5.95,11.31,19.64,21.43
1200,electronics,8.78,25.68,8.78,11.49,23.65,21.62
1201,apple hardware,9.57,21.12,5.28,7.92,40.59,15.51
1202,electronics,6.94,37.96,6.53,7.35,28.98,12.24
1203,apple hardware,6.88,13.76,8.47,9.52,43.92,17.46
1204,for sale,19.72,18.31,13.15,7.51,13.15,28.17
1205,electronics,9.71,32.57,8.0,14.86,21.14,13.71
1206,apple hardware,11.82,20.0,7.27,20.91,26.36,13.64
1207,electronics,9.57,25.22,9.57,9.57,22.61,23.48
1208,for sale,8.51,20.57,12.77,9.22,14.89,34.04
1209,apple hardware,11.54,11.54,12.82,10.26,39.74,14.1
1210,for sale,9.15,23.24,13.38,8.45,18.31,27.46
1211,electronics,7.5,36.25,8.12,15.62,15.62,16.88
1212,electronics,5.78,37.78,9.33,6.67,12.44,28.0
1213,electronics,7.78,39.44,9.44,8.33,21.67,13.33
1214,apple hardware,15.75,18.9,6.3,14.96,22.83,21.26
1215,electronics,8.38,26.95,5.99,9.58,22.75,26.35
1216,electronics,13.71,37.9,6.45,9.68,12.9,19.35
1217,for sale,16.67,17.59,10.19,12.96,17.59,25.0
1218,apple hardware,12.31,13.85,15.38,13.85,24.62,20.0
1219,apple hardware,12.98,22.9,9.16,11.45,29.01,14.5
1220,apple hardware,12.77,19.15,10.64,19.15,21.28,17.02
1221,electronics,10.47,25.58,12.79,12.21,18.02,20.93
1222,electronics,10.56,29.44,10.0,11.11,16.67,22.22
1223,apple hardware,13.04,19.13,16.52,11.3,25.22,14.78
1224,electronics,10.0,28.57,6.79,15.0,21.79,17.86
1225,apple hardware,7.97,20.0,7.39,5.51,39.28,19.86
1226,electronics,8.16,28.57,16.33,8.16,13.27,25.51
1227,apple hardware,7.35,11.76,8.82,16.18,37.5,18.38
1228,apple hardware,12.9,17.2,12.9,11.83,29.03,16.13
1229,electronics,10.16,32.03,10.16,14.84,12.5,20.31
1230,apple hardware,7.83,15.65,8.7,12.17,30.43,25.22
1231,electronics,6.41,28.85,7.69,17.31,26.92,12.82
1232,for sale,8.29,22.8,6.22,8.29,22.28,32.12
1233,apple hardware,11.61,14.29,13.39,8.93,28.57,23.21
1234,apple hardware,12.15,18.69,9.35,17.76,29.91,12.15
1235,apple hardware,9.09,12.36,9.09,4.36,36.73,28.36
1236,for sale,11.65,19.42,9.71,16.5,14.56,28.16
1237,electronics,8.33,36.67,9.17,9.17,21.67,15.0
1238,electronics,10.17,24.58,11.86,13.56,16.95,22.88
1239,electronics,15.5,29.46,9.3,19.38,12.4,13.95
1240,apple hardware,8.51,9.22,12.06,17.73,36.88,15.6
1241,electronics 2,8.08,19.19,14.14,23.23,15.15,20.2
1242,apple hardware,9.47,17.89,16.84,10.53,29.47,15.79
1243,apple hardware,12.0,16.0,10.67,17.33,26.67,17.33
1244,for sale,8.59,19.02,9.82,6.75,18.4,37.42
1245,electronics,12.12,22.22,10.1,21.21,19.19,15.15
1246,apple hardware,13.1,22.07,10.34,15.86,26.9,11.72
1247,electronics,10.0,21.82,13.64,21.82,20.91,11.82
1248,electronics,12.75,23.53,8.82,13.73,20.59,20.59
1249,apple hardware,5.35,21.4,13.58,12.35,34.16,13.17
1250,electronics,8.6,24.73,11.83,24.73,17.2,12.9
1251,electronics,12.41,27.59,8.97,10.34,20.0,20.69
1252,electronics,13.92,22.78,11.39,10.13,20.25,21.52
1253,apple hardware,8.45,19.72,20.42,16.9,23.24,11.27
1254,electronics,12.98,29.77,6.11,10.69,23.66,16.79
1255,apple hardware,9.09,20.45,14.39,15.91,25.76,14.39
1256,electronics,8.65,28.85,12.5,12.5,23.08,14.42
1257,apple hardware,10.75,15.05,15.05,17.2,21.51,20.43
1258,electronics,13.24,24.2,10.96,10.05,22.37,19.18
1259,electronics,4.72,38.05,7.08,7.96,9.73,32.45
1260,apple hardware,8.87,25.0,13.71,12.9,25.81,13.71
1261,electronics,8.73,26.19,11.9,16.67,20.63,15.87
1262,apple hardware,7.24,26.97,7.89,7.24,34.21,16.45
1263,apple hardware,7.69,25.44,11.24,8.28,31.95,15.38
1264,electronics,13.76,27.06,6.88,7.34,17.89,27.06
1265,for sale,10.77,17.69,12.31,9.23,18.46,31.54
1266,electronics,9.26,24.07,18.52,14.81,20.37,12.96
1267,apple hardware,5.3,22.3,2.11,8.17,39.91,22.2
1268,apple hardware,11.11,22.22,10.0,16.67,25.56,14.44
1269,electronics,4.92,37.7,9.84,7.79,11.48,28.28
1270,apple hardware,10.76,19.62,6.96,6.96,32.28,23.42
1271,apple hardware,10.78,14.71,10.78,9.8,28.43,25.49
1272,apple hardware,10.19,17.59,11.11,11.11,29.63,20.37
1273,apple hardware,10.1,16.16,11.11,11.11,39.39,12.12
1274,apple hardware,8.39,23.08,8.39,11.19,26.57,22.38
1275,electronics 2,13.51,22.3,10.14,25.0,12.84,16.22
1276,apple hardware,11.36,16.48,10.23,10.8,27.27,23.86
1277,electronics,5.69,28.86,4.88,8.94,27.24,24.39
1278,apple hardware,9.17,15.0,15.83,6.67,33.33,20.0
1279,for sale,14.35,21.52,6.28,9.87,18.83,29.15
1280,for sale,9.79,18.18,10.49,13.29,20.98,27.27
1281,apple hardware,10.28,14.95,12.15,15.89,26.17,20.56
1282,apple hardware,11.11,23.33,11.11,15.56,24.44,14.44
1283,hockey,7.87,15.75,19.69,19.69,18.11,18.9
1284,apple hardware,10.98,15.85,18.29,13.41,26.83,14.63
1285,apple hardware,10.71,15.18,14.29,8.04,27.68,24.11
1286,apple hardware,16.18,25.74,7.35,11.76,27.94,11.03
1287,apple hardware,10.47,21.51,8.72,16.28,29.07,13.95
1288,electronics,7.81,40.1,8.85,10.94,16.15,16.15
1289,for sale,7.69,26.92,10.77,6.92,17.69,30.0
1290,apple hardware,11.76,10.78,15.69,17.65,32.35,11.76
1291,for sale,9.92,15.7,8.26,8.26,25.62,32.23
1292,for sale,10.88,17.01,10.2,8.16,23.13,30.61
1293,apple hardware,7.34,20.18,7.34,10.09,42.2,12.84
1294,apple hardware,9.15,15.69,6.54,18.3,35.95,14.38
1295,apple hardware,11.97,21.13,10.56,13.38,33.8,9.15
1296,apple hardware,7.5,15.0,7.5,24.17,31.67,14.17
1297,electronics,11.68,32.12,10.95,13.87,15.33,16.06
1298,electronics,7.69,24.73,8.24,17.58,20.33,21.43
1299,electronics 2,8.0,17.6,8.0,28.0,21.6,16.8
1300,apple hardware,8.26,17.43,13.76,21.1,21.56,17.89
1301,apple hardware,14.12,22.35,11.76,10.59,28.24,12.94
1302,apple hardware,11.32,21.7,9.43,12.26,25.47,19.81
1303,apple hardware,9.24,24.37,10.08,11.76,26.05,18.49
1304,apple hardware,6.32,16.67,7.47,12.07,45.4,12.07
1305,apple hardware,6.78,7.34,15.25,12.99,42.37,15.25
1306,apple hardware,8.0,22.0,13.0,12.0,34.0,11.0
1307,electronics,13.19,32.97,12.09,16.48,12.09,13.19
1308,electronics 2,9.24,21.85,7.56,23.53,21.01,16.81
1309,electronics 2,12.22,18.89,11.11,21.11,18.89,17.78
1310,electronics,7.94,29.37,11.11,12.7,23.02,15.87
1311,apple hardware,7.89,26.32,11.4,10.53,27.19,16.67
1312,electronics,9.17,31.67,10.83,10.83,22.5,15.0
1313,electronics,14.14,20.2,16.16,14.14,19.19,16.16
1314,for sale,10.13,18.35,8.23,6.96,24.05,32.28
1315,electronics,7.63,27.97,18.64,11.02,20.34,14.41
1316,electronics 2,3.96,8.15,5.29,41.85,31.5,9.25
1317,for sale,8.51,17.02,11.7,9.57,19.68,33.51
1318,electronics 2,7.03,10.16,10.16,33.59,29.69,9.38
1319,apple hardware,11.2,17.2,8.4,5.6,41.2,16.4
1320,apple hardware,10.39,15.58,14.29,16.88,28.57,14.29
1321,electronics,12.14,29.29,13.57,17.14,13.57,14.29
1322,for sale,9.86,17.61,6.34,19.72,9.86,36.62
1323,for sale,9.52,20.63,7.14,19.84,15.08,27.78
1324,apple hardware,11.23,18.18,8.56,10.16,34.76,17.11
1325,hockey,11.0,15.0,21.0,14.0,18.0,21.0
1326,apple hardware,9.86,16.9,14.79,19.72,26.06,12.68
1327,apple hardware,11.43,14.29,13.33,16.19,34.29,10.48
1328,electronics 2,13.96,9.91,9.46,32.88,12.16,21.62
1329,electronics 2,9.43,5.7,15.52,43.42,14.15,11.79
1330,electronics 2,8.57,12.38,6.35,40.63,8.89,23.17
1331,apple hardware,13.27,16.33,18.37,14.29,24.49,13.27
1332,apple hardware,11.0,12.0,16.0,10.0,35.0,16.0
1333,for sale,10.24,7.23,8.43,22.89,9.04,42.17
1334,apple hardware,8.6,13.98,25.81,16.13,26.88,8.6
1335,apple hardware,4.53,19.75,9.88,9.47,34.16,22.22
1336,electronics 2,7.33,22.67,13.33,35.33,10.67,10.67
1337,electronics,8.08,29.29,11.11,16.16,19.7,15.66
1338,for sale,15.75,15.75,14.17,18.11,16.54,19.69
1339,for sale,11.11,25.25,11.11,9.09,17.17,26.26
1340,for sale,9.62,21.79,10.26,19.87,12.18,26.28
1341,electronics,11.93,28.44,11.93,9.17,18.35,20.18
1342,for sale,7.98,24.37,5.04,14.29,15.13,33.19
1343,for sale,6.86,17.14,7.43,17.14,16.0,35.43
1344,electronics 2,10.99,19.78,13.19,24.18,19.78,12.09
1345,electronics 2,12.69,16.42,13.43,30.6,14.18,12.69
1346,electronics 2,7.93,15.85,15.24,29.27,12.8,18.9
1347,electronics 2,16.9,20.19,12.68,28.64,11.27,10.33
1348,electronics,10.61,35.51,7.76,20.0,13.47,12.65
1349,for sale,10.06,22.49,5.92,18.34,13.02,30.18
1350,apple hardware,12.99,19.48,12.99,11.69,27.27,15.58
1351,apple hardware,15.0,18.0,15.0,11.0,25.0,16.0
1352,electronics,11.46,29.51,3.9,17.8,13.41,23.9
1353,apple hardware,13.39,14.29,11.61,18.75,28.57,13.39
1354,electronics 2,11.11,12.12,18.18,24.24,16.16,18.18
1355,electronics,9.55,34.93,7.76,25.37,12.24,10.15
1356,electronics 2,9.22,29.49,4.61,30.41,12.44,13.82
1357,electronics 2,8.59,18.75,13.28,28.91,17.19,13.28
1358,electronics 2,9.9,20.83,11.46,27.08,14.58,16.15
1359,electronics,9.78,26.63,4.89,25.54,24.46,8.7
1360,electronics,7.73,30.41,6.19,12.37,25.77,17.53
1361,electronics 2,15.62,13.54,16.67,22.92,17.71,13.54
1362,electronics,9.17,32.11,14.68,13.76,20.18,10.09
1363,electronics 2,4.67,14.02,16.82,41.12,14.95,8.41
1364,electronics 2,7.79,20.08,8.2,32.38,15.98,15.57
1365,electronics 2,6.92,15.09,20.75,25.16,12.58,19.5
1366,electronics 2,8.74,27.87,6.56,31.15,16.94,8.74
1367,electronics 2,7.46,16.67,7.46,44.74,7.46,16.23
1368,hockey,9.57,13.83,28.72,13.83,25.53,8.51
1369,electronics,8.33,25.83,9.17,19.17,25.0,12.5
1370,electronics 2,8.4,12.04,4.76,33.61,15.13,26.05
1371,apple hardware,8.18,15.45,6.36,21.82,31.36,16.82
1372,apple hardware,8.07,22.36,8.07,20.5,24.22,16.77
1373,for sale,7.5,24.38,7.5,18.75,16.88,25.0
1374,electronics 2,7.74,20.65,5.81,46.45,11.61,7.74
1375,apple hardware,8.68,11.42,5.94,27.85,35.16,10.96
1376,electronics 2,12.03,15.79,11.28,30.08,17.29,13.53
1377,electronics,9.52,25.0,15.48,9.52,25.0,15.48
1378,electronics,9.23,36.53,7.01,20.3,14.76,12.18
1379,electronics 2,9.68,18.28,10.75,35.48,13.98,11.83
1380,apple hardware,15.38,15.38,10.99,15.38,23.08,19.78
1381,for sale,8.22,21.92,8.22,15.07,20.55,26.03
1382,electronics,9.09,25.0,10.23,11.36,22.73,21.59
1383,electronics,15.76,24.24,8.48,23.03,15.76,12.73
1384,electronics,13.54,21.88,9.38,20.83,12.5,21.88
1385,electronics,11.19,29.37,7.69,22.38,14.69,14.69
1386,electronics,11.18,30.92,8.55,22.37,15.13,11.84
1387,for sale,7.66,9.46,8.56,26.13,8.56,39.64
1388,apple hardware,15.82,13.78,8.67,21.94,30.61,9.18
1389,for sale,7.88,18.79,5.45,20.0,20.61,27.27
1390,for sale,6.47,10.79,10.79,23.74,13.67,34.53
1391,apple hardware,10.46,21.57,8.5,13.73,34.64,11.11
1392,apple hardware,8.45,16.2,14.08,12.68,37.32,11.27
1393,for sale,12.23,12.95,10.07,23.74,15.11,25.9
1394,for sale,18.73,15.56,9.22,14.99,19.31,22.19
1395,for sale,10.84,10.84,16.87,13.25,14.46,33.73
1396,electronics,6.69,41.08,6.05,25.16,7.64,13.38
1397,electronics 2,15.71,18.57,12.86,21.43,17.14,14.29
1398,electronics 2,7.01,15.87,7.01,37.27,15.5,17.34
1399,for sale,11.11,13.49,11.9,13.49,21.43,28.57
1400,electronics,12.2,23.17,15.85,21.95,14.63,12.2
1401,electronics,9.28,25.77,11.86,14.43,13.92,24.74
1402,electronics,11.36,30.28,4.1,11.99,26.18,16.09
1403,electronics,7.88,29.09,9.7,13.94,29.09,10.3
1404,electronics 2,13.01,11.79,9.35,30.08,6.1,29.67
1405,for sale,17.35,16.33,8.16,21.43,14.29,22.45
1406,electronics 2,24.73,14.34,7.17,35.13,4.66,13.98
1407,electronics 2,12.77,11.06,4.26,31.49,16.6,23.83
1408,electronics,10.67,20.0,16.0,18.67,20.0,14.67
1409,for sale,11.96,10.87,8.15,26.09,12.5,30.43
1410,for sale,13.21,19.5,8.81,18.87,14.47,25.16
1411,electronics,13.92,23.42,13.92,17.09,20.25,11.39
1412,electronics 2,20.11,12.07,6.9,31.61,18.97,10.34
1413,apple hardware,12.24,20.0,7.76,18.78,23.27,17.96
1414,for sale,7.89,12.28,16.67,23.68,14.04,25.44
1415,for sale,12.64,14.94,10.34,22.99,14.94,24.14
1416,for sale,9.52,20.48,7.14,18.1,17.62,27.14
1417,for sale,8.37,24.69,5.86,23.01,5.44,32.64
1418,for sale,8.64,12.35,8.02,20.99,14.81,35.19
1419,electronics,6.97,34.55,7.58,28.79,12.12,10.0
1420,apple hardware,10.66,15.57,9.84,20.49,22.95,20.49
1421,hockey,7.19,18.71,20.86,16.55,20.14,16.55
1422,apple hardware,7.89,21.05,12.28,14.04,22.81,21.93
1423,electronics 2,8.5,11.76,7.84,37.91,16.34,17.65
1424,for sale,8.41,27.54,6.38,19.71,5.8,32.17
1425,electronics 2,8.61,17.22,11.26,32.45,13.25,17.22
1426,apple hardware,9.0,17.0,9.0,15.0,25.0,25.0
1427,electronics,12.93,26.72,7.76,23.28,12.93,16.38
1428,apple hardware,13.51,12.43,7.03,25.95,28.65,12.43
1429,for sale,8.73,12.7,23.02,12.7,14.29,28.57
1430,guns,30.77,16.78,9.79,16.08,13.29,13.29
1431,for sale,12.32,18.12,15.22,14.49,18.12,21.74
1432,apple hardware,11.86,14.41,9.32,19.49,31.36,13.56
1433,for sale,11.21,17.76,14.02,17.76,11.21,28.04
1434,electronics 2,13.33,11.9,5.71,25.71,22.38,20.95
1435,apple hardware,11.11,21.21,12.12,9.09,30.3,16.16
1436,hockey,6.57,11.68,29.93,11.68,20.44,19.71
1437,electronics,14.13,19.57,15.22,18.48,19.57,13.04
1438,electronics,10.38,20.75,15.09,15.09,19.81,18.87
1439,electronics 2,14.07,12.56,7.04,38.19,17.09,11.06
1440,for sale,14.5,15.27,14.5,9.16,19.85,26.72
1441,apple hardware,10.64,14.89,20.21,15.96,24.47,13.83
1442,electronics 2,7.58,16.67,9.85,40.15,13.64,12.12
1443,electronics 2,19.01,14.45,5.7,29.28,10.27,21.29
1444,electronics 2,7.58,18.18,11.36,37.88,7.58,17.42
1445,hockey,9.09,21.59,29.55,11.36,17.05,11.36
1446,for sale,12.99,16.88,11.69,20.78,15.58,22.08
1447,apple hardware,12.36,17.98,11.24,11.24,30.34,16.85
1448,electronics 2,6.74,20.21,13.99,32.12,14.51,12.44
1449,electronics 2,6.19,26.11,8.85,26.99,11.95,19.91
1450,electronics,9.17,30.28,7.34,27.98,11.47,13.76
1451,electronics,9.38,26.04,8.33,18.75,17.71,19.79
1452,guns,23.12,16.88,13.75,18.75,8.75,18.75
1453,electronics 2,10.61,20.67,12.85,24.58,14.53,16.76
1454,for sale,14.4,16.8,8.8,22.4,11.2,26.4
1455,electronics 2,11.51,23.02,7.19,24.46,15.11,18.71
1456,electronics 2,13.38,19.72,6.34,28.87,19.01,12.68
1457,apple hardware,8.82,18.24,7.06,10.59,34.12,21.18
1458,for sale,12.69,14.72,6.6,21.83,14.21,29.95
1459,electronics 2,8.13,17.89,10.57,26.02,17.89,19.51
1460,electronics,5.61,27.57,8.41,25.23,12.15,21.03
1461,electronics,13.13,22.22,21.21,10.1,18.18,15.15
1462,electronics 2,19.05,14.29,20.24,22.62,10.71,13.1
1463,electronics,6.62,50.74,6.62,15.44,11.76,8.82
1464,electronics 2,13.08,11.21,10.28,35.51,14.02,15.89
1465,electronics 2,5.53,7.83,9.68,53.92,9.68,13.36
1466,electronics 2,19.61,18.3,7.84,24.84,8.5,20.92
1467,apple hardware,14.52,18.55,6.45,12.9,37.1,10.48
1468,apple hardware,10.81,18.92,10.81,12.61,25.23,21.62
1469,electronics 2,7.21,16.67,13.51,28.83,18.02,15.77
1470,electronics,6.98,36.43,11.63,20.93,13.18,10.85
1471,electronics,8.57,35.0,10.0,16.43,13.57,16.43
1472,electronics 2,9.3,11.63,10.85,46.51,10.85,10.85
1473,electronics 2,8.29,21.55,12.15,32.04,13.26,12.71
1474,electronics,12.33,25.11,6.61,22.03,14.1,19.82
1475,for sale,7.32,18.7,7.32,12.2,19.51,34.96
1476,electronics,7.81,31.25,7.81,15.62,25.0,12.5
1477,apple hardware,14.58,17.71,16.67,14.58,18.75,17.71
1478,apple hardware,7.41,12.59,15.56,22.22,22.96,19.26
1479,for sale,7.83,17.47,7.23,17.47,18.67,31.33
1480,hockey,10.62,15.04,27.43,15.93,17.7,13.27
1481,electronics 2,11.56,29.48,6.36,34.68,8.09,9.83
1482,electronics,12.9,22.58,21.77,10.48,16.94,15.32
1483,electronics,5.33,37.87,11.83,20.71,12.43,11.83
1484,apple hardware,9.91,12.61,9.01,16.22,29.73,22.52
1485,electronics,7.89,38.95,7.89,16.84,7.37,21.05
1486,electronics 2,6.37,14.65,19.75,26.11,21.02,12.1
1487,electronics 2,8.19,11.7,8.19,50.29,12.28,9.36
1488,apple hardware,9.82,15.18,20.54,12.5,28.57,13.39
1489,electronics 2,7.87,24.72,11.24,36.52,7.87,11.8
1490,apple hardware,13.71,12.9,22.58,11.29,24.19,15.32
1491,electronics,19.6,25.63,6.03,14.57,17.59,16.58
1492,electronics,13.76,22.94,7.34,15.6,22.02,18.35
1493,guns,19.59,16.49,11.34,17.53,18.56,16.49
1494,electronics,12.74,27.36,6.6,18.4,20.28,14.62
1495,apple hardware,6.67,16.67,18.0,16.67,23.33,18.67
1496,electronics,9.34,24.73,12.64,23.63,11.54,18.13
1497,electronics,5.64,33.83,7.14,30.08,5.64,17.67
1498,electronics 2,11.07,20.49,5.74,33.61,13.52,15.57
1499,apple hardware,8.03,20.07,4.38,18.98,24.45,24.09
1500,electronics,5.8,29.69,3.41,20.48,19.11,21.5
1501,electronics,9.17,29.36,10.09,10.09,25.69,15.6
1502,electronics 2,10.32,18.25,10.32,29.37,21.43,10.32
1503,for sale,10.53,14.29,11.28,24.81,10.53,28.57
1504,electronics 2,6.39,25.11,9.59,32.88,11.87,14.16
1505,electronics 2,11.34,14.71,9.24,33.19,9.66,21.85
1506,hockey,11.76,15.97,31.93,16.81,7.56,15.97
1507,electronics 2,13.41,21.34,12.8,34.15,6.1,12.2
1508,electronics 2,7.45,7.98,6.38,56.38,11.7,10.11
1509,electronics,6.61,49.59,8.26,7.44,13.22,14.88
1510,electronics 2,6.08,9.13,5.7,60.08,7.22,11.79
1511,electronics 2,11.71,10.29,1.28,64.8,1.63,10.29
1512,electronics,6.63,48.8,10.84,11.45,11.45,10.84
1513,electronics 2,8.55,12.82,10.26,40.17,12.82,15.38
1514,hockey,13.24,20.59,24.26,12.5,7.35,22.06
1515,electronics,7.52,45.58,7.52,18.14,9.29,11.95
1516,electronics,7.07,37.5,9.24,31.52,7.61,7.07
1517,electronics,6.38,38.3,10.64,24.47,10.11,10.11
1518,for sale,7.44,17.36,9.09,20.66,20.66,24.79
1519,for sale,13.95,23.13,8.84,15.99,9.18,28.91
1520,electronics 2,8.27,21.05,15.79,27.82,14.29,12.78
1521,electronics 2,7.74,16.77,13.55,23.23,17.42,21.29
1522,electronics 2,11.49,21.62,6.08,26.35,11.49,22.97
1523,electronics,9.09,33.77,9.74,22.73,12.34,12.34
1524,electronics 2,9.73,21.4,7.78,38.91,10.51,11.67
1525,electronics 2,10.66,13.11,13.11,29.51,20.49,13.11
1526,electronics,12.63,21.05,10.53,21.05,17.37,17.37
1527,electronics,10.49,23.46,11.11,17.9,17.9,19.14
1528,for sale,9.52,23.13,8.84,23.81,10.2,24.49
1529,for sale,13.42,14.43,4.7,20.47,9.73,37.25
1530,electronics 2,13.1,20.69,7.59,24.83,9.66,24.14
1531,electronics,9.76,26.02,11.38,17.07,15.45,20.33
1532,electronics 2,9.78,18.48,7.07,26.63,11.41,26.63
1533,electronics,5.03,47.49,5.59,11.17,13.41,17.32
1534,electronics,10.37,40.74,7.41,16.3,9.63,15.56
1535,apple hardware,10.68,18.45,8.74,22.33,29.13,10.68
1536,for sale,10.68,19.42,11.65,16.5,9.71,32.04
1537,electronics,8.22,42.01,7.31,11.87,5.94,24.66
1538,electronics 2,8.68,15.29,7.85,34.71,7.02,26.45
1539,apple hardware,10.1,15.15,11.11,10.1,38.38,15.15
1540,electronics 2,22.0,14.67,8.0,25.33,10.67,19.33
1541,electronics 2,7.21,17.12,11.71,27.03,18.92,18.02
1542,electronics 2,11.24,6.43,5.62,53.01,10.04,13.65
1543,apple hardware,10.85,20.93,10.85,12.4,24.81,20.16
1544,electronics 2,12.77,15.96,10.64,29.79,21.28,9.57
1545,electronics,13.71,45.18,4.06,15.23,6.09,15.74
1546,electronics 2,7.55,10.69,5.66,39.62,27.67,8.81
1547,electronics 2,6.33,18.99,12.03,24.68,21.52,16.46
1548,electronics 2,6.96,16.52,11.3,33.04,23.48,8.7
1549,electronics 2,12.5,23.68,8.55,28.29,15.13,11.84
1550,electronics 2,11.18,16.45,7.89,34.21,13.82,16.45
1551,for sale,7.36,12.88,7.98,14.72,12.88,44.17
1552,apple hardware,10.62,12.5,11.25,19.38,33.75,12.5
1553,apple hardware,7.08,17.7,9.73,15.93,34.51,15.04
1554,apple hardware,8.57,12.38,10.48,13.33,47.62,7.62
1555,apple hardware,10.77,13.85,8.46,16.15,40.77,10.0
1556,electronics 2,13.62,17.37,15.49,25.82,22.54,5.16
1557,electronics,12.03,30.38,9.49,12.03,16.46,19.62
1558,electronics 2,5.35,9.63,6.42,54.01,8.02,16.58
1559,apple hardware,11.96,10.87,11.96,11.96,39.13,14.13
1560,electronics 2,13.28,17.19,11.72,24.22,13.28,20.31
1561,hockey,12.82,19.23,24.36,11.54,16.67,15.38
1562,for sale,13.64,24.55,11.82,11.82,12.73,25.45
1563,hockey,9.18,17.35,27.55,14.29,17.35,14.29
1564,electronics 2,10.33,11.41,6.52,48.37,8.15,15.22
1565,electronics 2,12.2,19.51,12.2,32.52,8.94,14.63
1566,electronics 2,12.58,10.6,6.62,43.71,12.58,13.91
1567,electronics 2,11.19,20.44,5.35,27.49,12.9,22.63
1568,apple hardware,12.61,11.76,8.4,12.61,45.38,9.24
1569,apple hardware,16.89,18.92,10.81,14.19,19.59,19.59
1570,electronics,10.61,29.61,10.61,17.88,14.53,16.76
1571,electronics,5.96,43.51,4.21,17.54,8.42,20.35
1572,electronics 2,9.39,17.13,4.97,43.65,8.84,16.02
1573,electronics,9.19,38.38,8.65,21.08,9.73,12.97
1574,apple hardware,15.73,20.22,11.24,13.48,26.97,12.36
1575,apple hardware,10.74,11.57,6.61,15.7,38.84,16.53
1576,electronics 2,7.74,25.81,10.32,32.9,9.03,14.19
1577,electronics 2,8.06,15.32,11.29,24.19,16.94,24.19
1578,electronics,13.41,21.95,9.76,18.29,18.29,18.29
1579,electronics 2,7.0,16.87,5.76,41.15,13.58,15.64
1580,apple hardware,10.94,15.62,10.94,14.84,27.34,20.31
1581,apple hardware,13.87,15.03,8.09,15.61,30.06,17.34
1582,electronics,6.08,37.02,8.29,14.36,9.94,24.31
1583,apple hardware,12.28,15.79,11.4,7.89,42.11,10.53
1584,electronics,6.43,46.2,7.6,18.13,8.77,12.87
1585,for sale,9.78,17.39,14.13,17.39,19.57,21.74
1586,electronics 2,8.33,12.96,10.19,40.74,14.81,12.96
1587,for sale,15.28,16.67,13.89,15.28,13.89,25.0
1588,electronics 2,7.14,18.18,10.39,27.27,24.68,12.34
1589,electronics,8.12,26.25,6.25,16.88,20.62,21.88
1590,electronics 2,11.45,22.9,7.63,30.53,14.5,12.98
1591,electronics,7.41,31.48,7.41,25.0,16.67,12.04
1592,for sale,11.59,15.85,6.1,20.73,12.8,32.93
1593,electronics 2,8.63,23.86,10.15,34.52,10.66,12.18
1594,electronics,10.19,28.66,6.37,20.38,15.29,19.11
1595,electronics,5.34,54.2,9.92,15.65,4.58,10.31
1596,electronics,8.33,27.38,4.76,25.0,23.21,11.31
1597,apple hardware,11.71,21.62,9.91,17.12,25.23,14.41
1598,for sale,15.31,15.82,8.16,17.35,21.43,21.94
1599,for sale,9.94,11.7,7.6,19.3,16.96,34.5
1600,apple hardware,14.46,16.87,10.24,16.87,25.3,16.27
1601,electronics,14.83,22.49,8.61,20.1,20.1,13.88
1602,electronics,10.77,26.92,9.23,20.0,9.23,23.85
1603,electronics,5.44,54.73,9.74,12.89,6.02,11.17
1604,electronics 2,9.94,26.52,11.05,30.94,11.6,9.94
1605,electronics 2,10.63,10.92,1.59,69.12,2.78,4.97
1606,electronics,9.45,26.77,10.24,12.6,22.83,18.11
1607,electronics 2,11.92,22.52,7.28,23.18,11.92,23.18
1608,for sale,9.68,17.2,9.68,19.35,20.43,23.66
1609,electronics,10.99,34.62,6.59,7.14,26.92,13.74
1610,electronics,7.78,25.75,10.18,16.77,25.15,14.37
1611,apple hardware,9.05,24.43,6.33,20.81,27.6,11.76
1612,electronics,6.09,60.93,6.81,10.39,3.23,12.54
1613,electronics,10.0,23.0,10.0,18.0,21.0,18.0
1614,apple hardware,12.14,20.71,7.86,8.57,39.29,11.43
1615,electronics 2,8.22,25.34,7.53,30.82,14.38,13.7
1616,apple hardware,11.67,16.67,8.33,20.0,26.67,16.67
1617,electronics,11.84,28.95,10.53,13.16,23.68,11.84
1618,electronics 2,9.35,13.67,11.51,28.06,13.67,23.74
1619,electronics 2,13.27,13.27,14.16,27.43,21.24,10.62
1620,apple hardware,9.03,20.83,11.11,8.33,34.03,16.67
1621,electronics 2,18.36,8.7,9.66,27.54,8.21,27.54
1622,for sale,16.67,13.04,10.14,18.12,15.94,26.09
1623,for sale,12.98,15.27,6.87,18.32,12.21,34.35
1624,electronics 2,7.38,26.23,8.2,34.43,13.11,10.66
1625,apple hardware,8.76,20.62,7.73,16.49,30.93,15.46
1626,electronics,11.43,46.29,6.86,20.57,6.86,8.0
1627,electronics 2,10.94,11.46,6.25,50.0,11.46,9.9
1628,electronics,10.56,40.67,5.17,22.25,9.21,12.13
1629,electronics,11.86,49.58,7.2,12.29,6.36,12.71
1630,electronics 2,10.48,23.33,7.62,33.33,7.62,17.62
1631,electronics 2,7.04,18.31,14.79,35.92,11.97,11.97
1632,electronics 2,8.93,16.07,11.9,40.48,6.55,16.07
1633,apple hardware,11.54,17.31,14.42,15.38,28.85,12.5
1634,electronics 2,9.9,17.82,15.84,23.76,16.83,15.84
1635,for sale,10.77,14.62,13.08,16.15,20.0,25.38
1636,electronics,12.57,35.43,7.43,12.57,24.0,8.0
1637,apple hardware,16.67,24.76,8.57,12.38,25.71,11.9
1638,apple hardware,7.47,20.11,7.47,18.97,30.46,15.52
1639,electronics,9.8,23.53,11.76,17.65,20.59,16.67
1640,electronics 2,8.06,15.32,9.68,32.26,23.39,11.29
1641,electronics,12.44,37.56,5.4,18.78,5.16,20.66
1642,electronics 2,11.34,19.59,12.37,26.8,13.4,16.49
1643,electronics 2,6.72,28.36,8.21,34.33,10.45,11.94
1644,for sale,12.05,20.48,12.05,20.48,10.84,24.1
1645,electronics,11.39,28.48,8.23,18.99,15.82,17.09
1646,electronics 2,10.37,15.56,9.63,25.93,17.78,20.74
1647,electronics,6.29,23.27,18.87,9.43,21.38,20.75
1648,electronics,14.48,33.79,13.1,10.34,15.17,13.1
1649,electronics,11.3,20.0,15.65,18.26,18.26,16.52
1650,for sale,12.12,17.17,10.1,15.15,22.22,23.23
1651,electronics,13.95,27.91,12.79,13.95,13.95,17.44
1652,for sale,7.87,14.96,14.17,21.26,15.75,25.98
1653,electronics,6.35,30.16,7.94,27.78,11.9,15.87
1654,electronics 2,10.53,17.76,10.53,28.29,10.53,22.37
1655,for sale,12.9,20.16,19.35,11.29,13.71,22.58
1656,electronics,17.31,27.88,15.38,10.58,11.54,17.31
1657,apple hardware,16.87,12.05,18.07,15.66,24.1,13.25
1658,electronics 2,7.66,5.86,6.76,60.81,7.21,11.71
1659,electronics,7.73,29.47,5.8,15.46,17.87,23.67
1660,electronics,9.73,34.51,11.5,23.89,9.73,10.62
1661,electronics 2,7.08,21.24,9.73,26.55,16.81,18.58
1662,electronics,9.93,57.0,3.09,17.43,2.77,9.77
1663,for sale,8.02,8.64,11.11,30.86,8.64,32.72
1664,electronics 2,10.14,17.48,5.59,44.41,7.34,15.03
1665,electronics,6.29,31.45,8.81,19.5,22.01,11.95
1666,electronics,6.67,30.0,5.56,17.22,20.0,20.56
1667,electronics 2,12.02,17.49,9.84,33.88,9.84,16.94
1668,electronics,11.39,20.25,16.46,13.92,18.99,18.99
1669,electronics,11.24,29.32,7.63,22.89,7.23,21.69
1670,electronics 2,9.79,19.58,9.09,27.27,18.18,16.08
1671,electronics 2,5.08,11.68,7.61,41.12,21.32,13.2
1672,electronics,9.0,23.0,16.0,21.0,14.0,17.0
1673,electronics 2,8.85,24.78,9.73,25.66,18.58,12.39
1674,electronics 2,9.48,16.38,17.24,27.59,18.1,11.21
1675,for sale,17.48,15.05,8.74,23.79,8.74,26.21
1676,electronics 2,6.94,12.5,15.97,26.39,13.89,24.31
1677,for sale,12.1,18.55,17.74,14.52,12.9,24.19
1678,apple hardware,12.97,17.3,12.97,17.3,22.16,17.3
1679,hockey,9.52,16.19,20.95,17.14,15.24,20.95
1680,for sale,8.4,16.4,8.4,26.0,13.2,27.6
1681,electronics 2,13.83,15.96,12.77,28.72,20.21,8.51
1682,for sale,14.43,15.46,14.43,10.31,18.56,26.8
1683,hockey,10.11,20.22,30.34,8.99,16.85,13.48
1684,apple hardware,10.71,11.9,15.48,13.1,32.14,16.67
1685,electronics 2,8.28,27.24,10.69,29.31,9.66,14.83
1686,electronics,8.04,22.32,10.71,22.32,15.18,21.43
1687,electronics,10.0,25.45,11.82,15.45,12.73,24.55
1688,electronics 2,7.26,20.16,6.45,37.9,12.1,16.13
1689,electronics,6.1,39.02,8.54,14.02,11.59,20.73
1690,electronics 2,10.58,12.7,13.23,40.21,10.05,13.23
1691,electronics 2,12.24,22.45,9.18,29.59,15.31,11.22
1692,electronics,8.46,26.87,5.47,13.93,19.4,25.87
1693,electronics,8.81,23.9,6.29,16.98,22.01,22.01
1694,electronics 2,14.0,16.0,12.0,25.33,23.33,9.33
1695,electronics 2,7.63,22.88,6.78,24.58,19.49,18.64
1696,hockey,11.11,11.97,38.46,9.4,15.38,13.68
1697,electronics 2,8.79,14.84,13.19,28.57,10.99,23.63
1698,apple hardware,12.86,18.57,18.57,14.29,20.0,15.71
1699,apple hardware,10.31,16.49,15.46,13.4,29.9,14.43
1700,for sale,12.32,18.12,9.42,22.46,13.77,23.91
1701,electronics 2,8.82,15.88,11.76,32.35,11.18,20.0
1702,electronics 2,8.33,24.44,6.11,36.67,8.33,16.11
1703,electronics,12.37,27.84,20.62,9.28,16.49,13.4
1704,apple hardware,11.36,15.91,22.73,11.36,25.0,13.64
1705,electronics 2,9.79,22.68,7.73,34.02,11.86,13.92
1706,electronics 2,11.32,16.98,11.32,22.64,19.81,17.92
1707,for sale,8.8,23.2,8.8,22.4,8.0,28.8
1708,electronics 2,9.27,22.52,10.6,30.46,9.27,17.88
1709,electronics,9.46,28.38,7.43,20.95,10.81,22.97
1710,electronics 2,6.35,11.37,7.02,51.17,5.35,18.73
1711,electronics,12.16,28.38,13.51,18.92,16.22,10.81
1712,electronics 2,9.02,14.29,21.05,26.32,21.05,8.27
1713,electronics 2,7.07,20.2,9.09,36.36,15.15,12.12
1714,electronics 2,4.87,16.81,5.31,38.5,17.7,16.81
1715,apple hardware,9.02,16.54,9.77,16.54,31.58,16.54
1716,electronics 2,8.33,19.44,12.96,24.07,17.59,17.59
1717,electronics 2,4.97,17.39,5.59,50.93,7.45,13.66
1718,apple hardware,9.89,20.88,15.38,9.89,27.47,16.48
1719,for sale,9.09,19.01,11.57,19.01,12.4,28.93
1720,guns,29.82,7.6,10.53,28.07,11.11,12.87
1721,electronics,8.96,30.6,8.21,30.6,8.21,13.43
1722,apple hardware,11.39,12.66,16.46,20.25,29.11,10.13
1723,electronics 2,24.56,6.43,8.19,39.77,11.7,9.36
1724,electronics,10.68,25.24,20.39,16.5,10.68,16.5
1725,electronics 2,14.1,19.23,8.33,24.36,13.46,20.51
1726,electronics,8.13,24.39,16.26,15.45,17.07,18.7
1727,apple hardware,13.55,17.42,10.32,14.84,28.39,15.48
1728,for sale,10.14,20.29,12.32,18.12,10.87,28.26
1729,for sale,16.09,16.09,10.34,12.64,21.84,22.99
1730,electronics 2,6.58,25.1,4.12,32.51,13.99,17.7
1731,electronics 2,26.24,6.38,12.77,30.5,9.22,14.89
1732,electronics 2,11.79,14.63,6.1,45.93,5.28,16.26
1733,electronics 2,8.46,16.92,13.08,26.92,12.31,22.31
1734,electronics,7.04,30.99,11.97,13.38,23.94,12.68
1735,electronics 2,12.26,18.87,13.21,33.02,13.21,9.43
1736,electronics,10.64,34.04,6.38,20.57,12.77,15.6
1737,electronics 2,9.47,23.16,9.47,24.21,14.74,18.95
1738,electronics,8.61,29.8,6.62,20.53,18.54,15.89
1739,for sale,9.49,14.6,10.22,18.25,17.52,29.93
1740,electronics 2,12.07,15.52,8.62,27.59,14.66,21.55
1741,electronics 2,5.7,21.52,11.39,24.68,12.03,24.68
1742,electronics 2,13.54,18.75,14.58,19.79,17.71,15.62
1743,electronics 2,10.43,14.78,13.91,34.78,16.52,9.57
1744,apple hardware,9.68,15.05,11.83,9.68,38.71,15.05
1745,for sale,12.87,18.81,9.9,11.88,21.78,24.75
1746,for sale,8.28,13.61,10.65,27.22,9.47,30.77
1747,apple hardware,8.5,18.3,14.38,17.65,23.53,17.65
1748,electronics 2,9.55,23.64,9.09,28.64,21.36,7.73
1749,hockey,8.59,12.88,34.36,20.25,11.66,12.27
1750,electronics,8.51,22.34,19.15,18.09,13.83,18.09
1751,electronics 2,10.62,19.47,12.39,23.01,14.16,20.35
1752,electronics 2,7.69,17.58,8.79,32.42,10.44,23.08
1753,for sale,9.17,16.51,9.17,16.51,17.43,31.19
1754,apple hardware,18.48,9.24,5.98,13.59,28.26,24.46
1755,electronics 2,6.83,11.18,9.32,49.69,8.07,14.91
1756,for sale,6.4,10.34,11.82,30.05,10.84,30.54
1757,guns,28.57,7.14,7.14,27.55,15.82,13.78
1758,hockey,10.38,10.38,27.36,20.75,19.81,11.32
1759,electronics 2,4.75,10.39,2.37,67.66,2.67,12.17
1760,electronics 2,4.87,8.97,2.82,68.21,2.56,12.56
1761,electronics 2,10.17,12.71,7.63,50.0,6.78,12.71
1762,apple hardware,10.22,16.79,7.3,21.9,32.12,11.68
1763,electronics 2,9.87,16.45,11.84,27.63,17.11,17.11
1764,electronics,8.33,29.63,15.74,11.11,22.22,12.96
1765,for sale,11.35,13.48,9.93,21.99,19.15,24.11
1766,electronics 2,7.95,13.91,11.92,35.76,11.26,19.21
1767,hockey,9.57,20.21,27.66,12.77,14.89,14.89
1768,guns,30.38,15.19,8.86,25.32,12.66,7.59
1769,for sale,11.64,15.75,21.23,15.75,12.33,23.29
1770,electronics 2,7.29,23.48,6.88,31.58,13.36,17.41
1771,electronics 2,8.38,11.73,6.7,52.51,10.06,10.61
1772,electronics 2,16.71,17.99,6.17,37.28,4.11,17.74
1773,apple hardware,7.62,20.95,12.38,12.38,33.33,13.33
1774,electronics 2,7.03,17.84,10.81,32.43,7.03,24.86
1775,electronics 2,8.39,17.48,8.39,25.87,23.08,16.78
1776,for sale,10.98,21.95,9.76,9.76,15.85,31.71
1777,electronics 2,9.0,14.0,11.0,39.0,17.0,10.0
1778,electronics 2,13.76,13.76,17.43,26.61,11.01,17.43
1779,electronics,9.57,28.7,8.7,18.26,15.65,19.13
1780,electronics,11.02,32.2,8.47,11.02,22.88,14.41
1781,electronics,6.22,32.06,6.22,17.22,23.92,14.35
1782,electronics,11.58,22.11,11.58,18.95,17.89,17.89
1783,electronics 2,5.59,16.77,24.84,25.47,14.91,12.42
1784,electronics 2,5.63,10.23,5.88,61.38,5.88,11.0
1785,for sale,12.5,16.67,15.62,19.79,12.5,22.92
1786,for sale,8.96,20.4,4.98,19.4,11.44,34.83
1787,electronics 2,8.06,12.1,12.9,24.19,23.39,19.35
1788,electronics 2,8.55,11.84,7.24,53.29,7.89,11.18
1789,for sale,10.36,18.92,3.6,8.11,9.91,49.1
1790,electronics 2,10.5,25.41,8.29,28.73,9.94,17.13
1791,electronics 2,10.49,24.48,10.49,27.27,9.09,18.18
1792,electronics 2,8.38,8.9,5.76,42.93,16.75,17.28
1793,for sale,16.0,13.0,13.0,17.0,15.0,26.0
1794,for sale,13.45,19.3,7.02,9.36,16.37,34.5
1795,electronics 2,9.28,25.26,6.19,27.32,8.25,23.71
1796,electronics,7.91,25.18,15.83,22.3,11.51,17.27
1797,electronics 2,7.39,23.24,4.23,36.27,14.44,14.44
1798,electronics,7.8,36.88,10.64,23.4,8.51,12.77
1799,electronics 2,8.13,26.02,7.32,28.86,11.79,17.89
1800,apple hardware,11.58,24.21,8.42,10.53,30.53,14.74
1801,electronics 2,9.71,8.27,5.4,47.48,15.47,13.67
1802,hockey,11.96,15.22,26.09,10.87,20.65,15.22
1803,electronics 2,7.88,19.09,4.56,43.98,4.98,19.5
1804,electronics,14.08,21.13,14.08,12.68,16.9,21.13
1805,for sale,12.21,18.81,3.96,5.28,9.57,50.17
1806,electronics,13.14,21.17,16.06,16.79,12.41,20.44
1807,electronics 2,11.28,23.59,7.69,34.36,10.26,12.82
1808,electronics,6.74,43.82,7.3,19.66,9.55,12.92
1809,electronics 2,5.28,15.45,5.69,50.0,6.1,17.48
1810,apple hardware,12.37,13.4,11.34,24.74,27.84,10.31
1811,electronics,9.9,32.29,5.21,17.71,17.19,17.71
1812,electronics,8.67,38.73,6.36,20.23,14.45,11.56
1813,electronics 2,15.79,18.8,11.28,24.06,15.79,14.29
1814,electronics 2,13.49,17.46,8.73,33.33,12.7,14.29
1815,for sale,12.4,20.93,13.18,13.95,14.73,24.81
1816,for sale,14.17,17.92,4.58,11.25,10.0,42.08
1817,hockey,10.53,13.16,27.19,14.04,20.18,14.91
1818,hockey,11.9,14.29,27.78,17.46,10.32,18.25
1819,electronics,11.76,25.49,8.82,12.75,16.67,24.51
1820,electronics 2,8.47,6.21,4.52,63.28,7.34,10.17
1821,electronics 2,6.25,20.31,7.29,28.12,18.75,19.27
1822,electronics 2,11.46,13.54,10.42,26.04,18.75,19.79
1823,electronics,6.18,30.89,12.74,17.37,18.53,14.29
1824,electronics,13.41,30.49,12.2,19.51,10.98,13.41
1825,for sale,8.75,16.88,6.88,13.12,9.38,45.0
1826,electronics 2,5.76,12.95,17.27,41.01,15.83,7.19
1827,electronics 2,14.1,14.74,12.82,32.69,12.82,12.82
1828,electronics 2,13.83,13.83,14.89,27.66,15.96,13.83
1829,electronics 2,8.6,17.2,15.05,30.11,18.28,10.75
1830,hockey,10.86,12.57,28.0,20.57,13.71,14.29
1831,apple hardware,9.68,15.05,13.98,16.13,30.11,15.05
1832,apple hardware,9.56,14.71,13.24,10.29,35.29,16.91
1833,electronics 2,9.14,19.29,7.11,30.46,17.26,16.75
1834,electronics 2,21.55,12.15,7.18,38.12,8.29,12.71
1835,for sale,15.44,17.45,8.72,12.08,14.77,31.54
1836,electronics,17.93,21.38,8.97,17.24,13.79,20.69
1837,for sale,17.37,14.37,6.59,10.78,7.78,43.11
1838,electronics 2,4.78,13.4,12.92,47.85,9.09,11.96
1839,apple hardware,12.22,10.0,11.11,15.56,33.33,17.78
1840,apple hardware,16.47,15.29,10.0,12.35,25.88,20.0
1841,electronics 2,12.5,13.0,21.5,22.0,13.0,18.0
1842,apple hardware,13.38,17.61,8.45,19.01,31.69,9.86
1843,electronics,10.32,24.6,7.94,22.22,15.87,19.05
1844,apple hardware,9.38,15.62,18.75,6.25,30.47,19.53
1845,electronics 2,8.23,13.92,7.59,39.24,12.03,18.99
1846,electronics 2,16.89,12.16,16.89,28.38,15.54,10.14
1847,for sale,6.88,14.37,10.0,16.25,10.62,41.88
1848,electronics 2,14.69,15.38,10.49,30.07,8.39,20.98
1849,electronics 2,7.01,11.46,7.01,49.04,8.92,16.56
1850,apple hardware,14.34,18.22,9.69,18.22,20.93,18.6
1851,electronics 2,5.05,12.84,5.96,50.0,7.8,18.35
1852,for sale,11.61,13.39,4.46,13.84,8.93,47.77
1853,apple hardware,11.11,13.13,22.22,14.14,24.24,15.15
1854,for sale,10.45,10.45,13.43,22.39,16.42,26.87
1855,apple hardware,10.43,16.52,8.7,8.7,36.52,19.13
1856,apple hardware,12.24,19.39,8.16,11.22,31.63,17.35
1857,for sale,10.8,22.07,13.62,7.51,11.74,34.27
1858,apple hardware,9.71,22.33,8.74,8.74,32.04,18.45
1859,electronics,7.69,38.46,8.79,20.33,7.69,17.03
1860,hockey,8.91,9.9,31.68,18.81,20.79,9.9
1861,for sale,11.11,23.15,12.96,18.52,9.26,25.0
1862,electronics,12.77,27.66,10.64,17.02,17.02,14.89
1863,electronics,12.0,24.8,8.0,21.6,17.6,16.0
1864,electronics,7.57,26.49,10.27,20.54,10.81,24.32
1865,electronics 2,11.38,15.45,16.26,25.2,8.13,23.58
1866,apple hardware,21.6,22.4,10.4,13.6,24.0,8.0
1867,electronics 2,8.0,18.86,9.71,34.29,12.57,16.57
1868,hockey,8.15,15.56,29.63,12.59,19.26,14.81
1869,electronics,10.47,33.72,8.14,23.26,8.14,16.28
1870,for sale,12.61,18.92,7.21,9.91,20.72,30.63
1871,hockey,9.41,10.59,28.24,17.65,22.35,11.76
1872,electronics 2,6.67,22.22,4.81,41.48,8.89,15.93
1873,electronics 2,16.16,13.13,14.14,32.32,13.13,11.11
1874,hockey,11.63,16.28,27.91,13.95,15.12,15.12
1875,electronics,7.78,36.67,4.81,21.85,18.15,10.74
1876,for sale,7.96,13.93,7.96,19.4,12.94,37.81
1877,for sale,11.11,11.64,12.7,21.69,17.99,24.87
1878,for sale,6.77,19.55,9.02,25.19,7.14,32.33
1879,for sale,5.75,19.54,9.2,16.09,15.52,33.91
1880,for sale,5.19,19.91,6.06,26.84,7.36,34.63
1881,guns,19.18,12.33,17.81,19.18,17.81,13.7
1882,apple hardware,12.59,14.07,16.3,17.78,22.96,16.3
1883,for sale,9.04,16.87,10.24,9.04,24.1,30.72
1884,for sale,7.25,18.13,10.88,14.51,12.44,36.79
1885,for sale,6.09,18.78,9.64,13.71,14.72,37.06
1886,apple hardware,10.75,15.05,17.2,17.2,27.96,11.83
1887,for sale,16.61,21.59,11.3,17.61,10.96,21.93
1888,electronics 2,17.32,10.24,13.39,35.43,13.39,10.24
1889,electronics 2,8.7,13.04,11.3,46.09,10.43,10.43
1890,hockey,11.95,15.09,22.64,22.01,11.95,16.35
1891,electronics 2,12.77,25.0,5.32,33.51,9.04,14.36
1892,for sale,6.85,20.55,8.9,11.64,17.12,34.93
1893,electronics,8.6,32.26,8.6,30.11,6.45,13.98
1894,electronics 2,6.75,27.85,7.59,33.76,8.44,15.61
1895,apple hardware,9.68,9.68,13.98,18.28,32.26,16.13
1896,for sale,9.62,15.38,12.5,10.58,24.04,27.88
1897,apple hardware,14.13,14.13,13.04,16.3,23.91,18.48
1898,apple hardware,10.77,14.62,19.23,7.69,33.85,13.85
1899,electronics,9.83,24.28,8.09,12.72,21.97,23.12
1900,electronics 2,7.75,24.35,4.06,32.84,16.24,14.76
1901,electronics,13.64,21.97,6.82,17.42,18.94,21.21
1902,electronics 2,6.16,10.27,10.27,41.1,18.49,13.7
1903,apple hardware,11.28,21.05,14.29,10.53,24.06,18.8
1904,electronics 2,10.53,9.65,11.4,29.82,14.04,24.56
1905,electronics 2,11.25,17.5,13.75,27.5,13.75,16.25
1906,electronics 2,10.71,19.05,9.52,28.57,16.67,15.48
1907,electronics 2,11.04,18.4,6.75,25.15,16.56,22.09
1908,electronics,8.55,24.34,16.45,22.37,8.55,19.74
1909,hockey,5.8,18.12,26.81,11.59,18.12,19.57
1910,electronics 2,8.09,21.97,8.67,30.06,10.98,20.23
1911,apple hardware,12.75,12.75,9.8,15.69,39.22,9.8
1912,for sale,9.84,13.11,15.57,24.59,9.84,27.05
1913,apple hardware,9.38,16.67,16.67,9.38,31.25,16.67
1914,electronics 2,6.92,18.46,9.23,36.15,9.23,20.0
1915,for sale,16.79,11.53,7.02,19.8,20.3,24.56
1916,electronics 2,10.0,12.73,11.82,40.0,13.64,11.82
1917,electronics,11.49,24.14,12.64,16.09,16.09,19.54
1918,electronics 2,11.5,25.56,3.51,26.52,19.17,13.74
